restaurant;address;neighborhood;addressGoogle
'Cesca;;Upper West Side;
'ino;;Greenwich Village;
'inoteca;;Lower East Side;
'sNice;45 Eighth Ave at W 4th St;Greenwich Village;45 Eighth Ave at W 4th St
'sNice;45 Eighth Ave at W 4th St;Park Slope;45 Eighth Ave at W 4th St
'wichcraft;60 E 8th St at Broadway;Greenwich Village;60-68 E 8th St
'wichcraft;60 E 8th St at Broadway;Midtown West;60-68 E 8th St
'wichcraft;60 E 8th St at Broadway;SoHo;60-68 E 8th St
'wichcraft;60 E 8th St at Broadway;Midtown East;60-68 E 8th St
'wichcraft;60 E 8th St at Broadway;Chelsea;60-68 E 8th St
1 Dominick;1 Dominick St at Sixth Ave;SoHo;1 Dominick St
10 Downing;10 Downing St near Sixth Ave;Greenwich Village;10 Downing St
12th Street Bar and Grill;1123 Eighth Ave at 12th St;Park Slope;1123 Eighth Ave at 12th St
1492 Food;60 Clinton St btwn Rivington and...;Lower East Side;60 Clinton St btwn Rivington and...
202;;Chelsea;
21 Club;21 W 52nd St btwn 5th and 6th Aves;Midtown West;21 W 52nd St
212 Restaurant and Bar;;Upper East Side;
26 Seats;;East Village;
2nd Street Cafe;;Park Slope;
44 and X Hell's Kitchen;622 Tenth Ave at 44th St;Midtown West;622 10th Ave
508;508 Greenwich St at Spring St;SoHo;508 Greenwich St
540 Park;540 Park Ave at 61st St;Upper East Side;540 Park Ave
57;;Midtown East;
99 Miles to Philly;;East Village;
A Casa Fox;173 Orchard St btwn Stanton and Houston...;Lower East Side;173 Orchard St btwn Stanton and Houston...
A Salt and Battery;112 Greenwich Ave btwn 12th and 13th Sts;Greenwich Village;112 Greenwich Ave btwn 12th and 13th Sts
A.O.C.;;Greenwich Village;
AJ Maxwell's Steakhouse;;Midtown West;
AQ Kafe;;Midtown East;
Abboccato;136 W 55th St btwn 6th and 7th Aves;Midtown West;136 W 55th St
Abraco Espresso;86 E 7th St at First Ave;East Village;86 E 7th St
Absinthe;111 1st Ave at 7th St;East Village;111 1st Avenue
Aburiya Kinnosuke;;Midtown East;
Accademia di Vino;1081 Third Ave btwn 63rd and 64th Sts;Upper East Side;200 E 64th St
Acme Bar and Grill;;Greenwich Village;
Acqua;;Upper West Side;
Ada;;Midtown East;
Adour Alain Ducasse;;Midtown East;
Agata and Valentina Ristorante;1513 First Ave at E 79th St;Upper East Side;1513 First Ave at E 79th St
Agave;140 7th Avenue South btwn 10th and W...;Greenwich Village;140 7th Ave S
Agozar;;East Village;
Aja;1068 First Ave at 58th St;Midtown East;1068 First Ave at 58th St
Akdeniz;;Midtown West;
Aki On West 4th;;Greenwich Village;
Al Baraka;1613 Second Ave btwn 83rd and 84th Sts;Upper East Side;1613 Second Ave btwn 83rd and 84th Sts
Al Bustan;;Midtown East;
Al Di La;248 5th Ave at Carroll St;Park Slope;248 5th Ave
Alcala;;Midtown East;
Alchemy;;Park Slope;
Alexandra;;Greenwich Village;
Alfama;;Greenwich Village;
Alfredo's of Rome;;Midtown West;
Ali Baba;212 E 34th St btwn Second and Third Aves;Midtown East;212 E 34th St
Alias;;Lower East Side;
Allen and Delancey;;Lower East Side;
Alloro;;Upper East Side;
Alma Grill;134 E 48th St at Lexington Ave;Midtown East;134 E 48th St at Lexington Ave
Alonso's Steakhouse;;Chelsea;
Alouette;;Upper West Side;
Alta;;Greenwich Village;
Alta Voce;;Park Slope;
Alto;;Midtown East;
Ama;48 MacDougal St btwn Houston and Prince...;SoHo;48 MacDougal St btwn Houston and Prince...
Amalia;204 W 55th St near Broadway;Midtown West;204 W 55th St
Amaranth;21 E 62nd St btwn Fifth and Madison Aves;Upper East Side;21 E 62nd St # 1
Ambassador Grill and Lounge;1 United Nations Plaza;Midtown East;1 United Nations Plaza
Amber;1406 Third Ave at 80th St;Upper East Side;1406 3rd Ave
Amma;;Midtown East;
Ammos;;Midtown East;
Ammos Estiatorio;52 Vanderbilt Ave btwn 44th and 45th Sts;Midtown East;52 Vanderbilt Ave btwn 44th and 45th Sts
Amsterdam Restaurant and Tapas Lounge;;Upper West Side;
Amy's Bread;75 Ninth Ave btwn 15th and 16th Sts;Midtown West;75 Ninth Ave btwn 15th and 16th Sts
Amy's Bread;75 Ninth Ave btwn 15th and 16th Sts;Chelsea;75 Ninth Ave btwn 15th and 16th Sts
Amy's Bread;75 Ninth Ave btwn 15th and 16th Sts;Greenwich Village;75 Ninth Ave btwn 15th and 16th Sts
An Choi;;Lower East Side;
Angelica Kitchen;;East Village;
Angelo's Coal Oven Pizza;117 W 57th St at Sixth Ave;Midtown West;117 W 57th St
Angelo's Coal Oven Pizza;117 W 57th St at Sixth Ave;Midtown East;117 W 57th St
Angelo's Pizzeria;1697 Broadway at 53rd St;Midtown West;Ed Sullivan Theater
Angus McIndoe;;Midtown West;
Annisa;;Greenwich Village;
Anthony's;426A Seventh Ave at 14th St;Park Slope;E 14th St
Anthos;;Midtown East;
Antica Venezia;;Greenwich Village;
Antique Garage;41 Mercer St btwn Broome and Grand Sts;SoHo;41 Mercer St
Antonucci;170 E 81 St btwn Lexington and 3rd Aves;Upper East Side;168 E 81st St
Apiary;;East Village;
Apizz;217 Elridge St btwn Stanton and...;Lower East Side;217 Eldridge St
Applewood;;Park Slope;
Apropos Cafe;186 5th Avenue at Sackett St;Park Slope;186 5th Avenue at Sackett St
Aquagrill;210 Spring St at 6th Ave;SoHo;210 Spring St
Aquavit;65 E 55th St btwn Park and Madison Aves;Midtown East;65 E 55th St
Aquavit Cafe;65 E 55th St btwn Park and Madison Aves;Midtown East;65 E 55th St
Arabelle;37 E. 64th St. at Madison Ave;Upper East Side;37 E 64th St
Archipelago (CLOSED);;SoHo;
Aretsky's Patroon;160 E 46th St btwn Lexington and 3rd...;Midtown East;160 E 46th St
Ariyoshi;806 Broadway btwn 11th and 12th Sts;East Village;806 Broadway btwn 11th and 12th Sts
Armani Ristorante;;Midtown West;
Aroma Kitchen and Winebar;36 E 4th St btwn Lafayette and Bowery;East Village;36 E 4th St btwn Lafayette and Bowery
Arte;21 E 9th St btwn Fifth Ave and...;Greenwich Village;21 E 9th St
Arte Cafe;106 W 73rd St btwn Columbus and...;Upper West Side;106 W 73rd St
Artichoke Basille's Pizza and Brewery;;East Village;
Artichoke Basille’s Pizza and Brewery;328 E 14th St btwn First and Second Aves;East Village;328 E 14th St
Artie's Delicatessen;2290 Broadway at 83rd St;Upper West Side;2290 Broadway
Arturo's Pizzeria;;Greenwich Village;
Asiate;;Midtown West;
Aspen Social Club;157 W 47th St btwn 6th and 7th Aves;Midtown West;157 W 47th St
Astor Court;;Midtown East;
Atlantic Grill;;Upper East Side;
Atlas Cafe;;East Village;
Atria;;Midtown West;
August;359 Bleecker St btwn Charles and W 10th...;Greenwich Village;359 Bleecker St
Aureole;;Upper East Side;
Aurora;510 Broome St btwn Thompson St and West...;SoHo;510 Broome St
Aurora Soho;510 Broome St btwn Thompson St and West...;SoHo;510 Broome St
Avenue A Sushi;103 Ave A btwn 6th and 7th Sts;East Village;New York
Avon Bistro;155 E 52 St btwn Lexington and 3rd Aves;Midtown East;155 East 52nd Street
Avon Bistro (CLOSED);;Midtown East;
Avra Estiatorio;;Midtown East;
Awash;338 E 6th St btwn First and Second Aves;Upper West Side;338 E 6th St btwn First and Second Aves
Awash;338 E 6th St btwn First and Second Aves;East Village;338 E 6th St btwn First and Second Aves
Ayza Cafe and Wine Bar;11 W 31st St btwn Fifth Ave and Broadway;Midtown East;11 W 31st St btwn Fifth Ave and Broadway
Azalea;224 W 51st St btwn Broadway and Eighth...;Midtown West;224 W 51st St
Azucar;939 Eighth Ave btwn 55th and 56th Sts;Midtown West;W 56th St
Azul Bistro;152 Stanton St at Suffolk St;Lower East Side;152 Stanton St
Azza;137 E 55th St btwn Lexington and 3rd...;Midtown East;136E E 55th St
B. Cafe;240 E 75th St btwn 2nd and 3rd Aves;Upper East Side;3rd Ave
B. Smith's;;Midtown West;
BB Sandwich Bar;;Greenwich Village;
BG;;Midtown West;
BLT Burger;;Greenwich Village;
BLT Market;;Midtown West;
BLT Steak;106 E 57th St btwn Park and Lexington...;Midtown East;106 E 57th St
Babbo;110 Waverly Place btwn MacDougal St and...;Greenwich Village;110 Waverly Pl
Babouche;92 Prince St at Mercer St;SoHo;92 Prince St
Babouche Park Slope;163 5th Ave at Lincoln Place;Park Slope;163 5th Ave
Bacaro;;Lower East Side;
Back Forty;;East Village;
Baldoria;;Midtown West;
Bali Nusa Indah;;Midtown West;
Balthazar;;SoHo;
Bamboo 52;;Midtown West;
Banc Cafe;431 Third Ave at 30th St;Midtown East;431 3rd Ave
Bandol Bistro;181 E 78th St btwn Lexington and Third...;Upper East Side;181 E 78th St
Banjara;97 1st Ave at 6th St;East Village;97 1st Avenue
Bann;350 W 50th St at Ninth Ave;Midtown West;350 W 50th St
Bao 111 (CLOSED);111 Ave C btwn 7th and 8th Sts;East Village;111 Ave C btwn 7th and 8th Sts
Bar 6;502 Sixth Ave btwn 12th and 13th Sts;Greenwich Village;502 Sixth Ave btwn 12th and 13th Sts
Bar Americain;152 W 52nd St btwn 6th and 7th Sts;Midtown West;152 W 52nd St btwn 6th and 7th Sts
Bar BQ;;Park Slope;
Bar Bao;;Upper West Side;
Bar Baresco;;Chelsea;
Bar Blanc;142 W 10th St btwn Greenwich Ave and...;Greenwich Village;142 W 10th St
Bar Boulud;1900 Broadway btwn 63rd and 64th Sts;Upper West Side;1900 Broadway btwn 63rd and 64th Sts
Bar Carrera;;East Village;
Bar Masa;;Midtown West;
Bar Pitti;;Greenwich Village;
Bar Q;;Greenwich Village;
Bar Q (CLOSED);;Greenwich Village;
Bar Room at the Modern;9 W 53rd St btwn Fifth and Sixth Aves;Midtown West;9 W 53rd St btwn Fifth and Sixth Aves
Bar Tano;457 Third Ave at 9th St;Park Slope;Third Ave.
Bar Toto;411 11th St at Sixth Ave;Park Slope;411 11th St
Bar Veloce;176 Seventh Ave btwn 20th and 21st Sts;Chelsea;176 Seventh Ave btwn 20th and 21st Sts
Baraonda;1439 Second Ave at 75th St;Upper East Side;1439 2nd Ave
Barbetta;321 W 46th St btwn 8th and 9th Aves;Midtown West;321 W 46th St
Barbuto;775 Washington St btwn Jane and 12th Sts;Greenwich Village;775 Washington St btwn Jane and 12th Sts
Barcibo Enoteca;;Upper West Side;
Barney Greengrass;;Upper West Side;
Barolo;;SoHo;
Barrio;;Park Slope;
Basta Pasta;;Chelsea;
Batch;150B W. 10th Street btwn Greenwich Ave...;Greenwich Village;150B W 10th St
Bay Leaf;;Midtown West;
Beacon;;Midtown West;
Becco;;Midtown West;
Beer Table;;Park Slope;
Beet;;Park Slope;
Belcourt;;East Village;
Bella Blu;;Upper East Side;
Bella Luna;;Upper West Side;
Bellavitae;;Greenwich Village;
Belleville;;Park Slope;
Bello Sguardo;;Upper West Side;
Ben Benson's Steakhouse;;Midtown West;
Ben and Jack's Steakhouse;;Midtown East;
Ben's Kosher Delicatessen;;Midtown West;
Benjamin Steakhouse;;Midtown East;
Benoit;;Midtown West;
Bereket;;Lower East Side;
Better Burger;561 Third Ave at 37th St;Midtown East;561 3rd Ave
Better Burger;561 Third Ave at 37th St;Chelsea;561 3rd Ave
Better Burger (CLOSED);;Upper East Side;
Bettola;412 Amsterdam Ave btwn 79th and 80th Sts;Upper West Side;412 Amsterdam Ave
Beyoglu;1431 Third Ave at 81st St;Upper East Side;1431 Third Ave at 81st St
Bianca;;East Village;
Bice;;Midtown East;
Big John;;Lower East Side;
Bin 71;;Upper West Side;
Birdbath;145 Seventh Ave So at Charles St;Greenwich Village;145 7th Ave S
Birdbath;145 Seventh Ave So at Charles St;East Village;145 7th Ave S
Biricchino;260 W 29th St at Eighth Ave;Chelsea;260 W 29th St
Bistecca Fiorentina;;Midtown West;
Bistro Cassis;;Upper West Side;
Bistro Citron;;Upper West Side;
Bistro Desaret;;Midtown East;
Bistro Le Steak;;Upper East Side;
Bistro Milano;1350 Avenue of the Americas at 55th St;Midtown West;1350 6th Ave
Bistro Ten 18;;Upper West Side;
Bistro du Nord;;Upper East Side;
Bistro les Amis;;SoHo;
Bistrouge;432 E 13th St btwn 1st and 2nd Aves;East Village;2nd Ave
Black Iron Burger Shop;540 E 5th St btwn Avenues A and B;East Village;540 E 5th St btwn Avenues A and B
Black Pearl (CLOSED);883 Union St btwn Seventh and Eighth...;Park Slope;883 Union St btwn Seventh and Eighth...
Bloomingdale Road;2398 Broadway at 88th St;Upper West Side;2398 Broadway
Bloomingdale Road (CLOSED);;Upper West Side;
Blossom Vegetarian Restaurant;187 Ninth Ave btwn 21st and 22nd Sts;Chelsea;187 Ninth Ave btwn 21st and 22nd Sts
Blue Fin;1567 Broadway at 47th St;Midtown West;1567 Broadway
Blue Hill;75 Washington Place btwn 6th Ave and...;Greenwich Village;75 Washington Pl
Blue Point;662 Ninth Ave at 46th St;Midtown West;662 9th Ave
Blue Ribbon Bakery;33 Downing St at Bedford St;Greenwich Village;33 Downing St
Blue Ribbon Bar;;Greenwich Village;
Blue Ribbon Brasserie;97 Sullivan St btwn Prince and Spring...;SoHo;97 Sullivan St
Blue Ribbon Park Slope;280 5th Ave btwn 1st St and Garfield Pl;Park Slope;280 5th Ave btwn 1st St and Garfield Pl
Blue Ribbon Sushi Bar and Grill;;Midtown West;
Blue Ribbon Sushi Manhattan;;SoHo;
Blue Ribbon Sushi Park Slope;;Park Slope;
Blue/Green (CLOSED);248 Mott St btwn Houston and Prince Sts;SoHo;248 Mott St btwn Houston and Prince Sts
Blue/Green (CLOSED);248 Mott St btwn Houston and Prince Sts;Upper East Side;248 Mott St btwn Houston and Prince Sts
Bluechili;251 W 51st St btwn Broadway and Eighth...;Midtown West;251 W 51st St
Bobby Van's Park Avenue;;Midtown East;
Bobby Van's Steakhouse;;Midtown East;
Bobo;181 W 10th St at 7th Ave So;Greenwich Village;181 W 10th St
Boca Chica;;East Village;
Bocca di Bacco;;Midtown West;
Boi;246 E 44th St btwn Second and Third Aves;Midtown East;246 E 44th St
Boka;;East Village;
Bombay Bistro;;Midtown East;
Bombay Frankie;994 Amsterdam Ave btwn 109th and 110th...;Upper West Side;994 Amsterdam Ave btwn 109th and 110th...
Bombay Palace;30 W 52nd St btwn Fifth and Sixth Aves;Midtown West;30 W 52nd St
Bombay Talkie;;Chelsea;
Bond 45;;Midtown West;
Bond St;6 Bond St btwn Broadway and Lafayette St;East Village;6 Bond St
Bondi Road;153 Rivington St btwn Suffolk and...;Lower East Side;153 Rivington St btwn Suffolk and...
Bone Lick Park;75 Greenwich Ave btwn Seventh Ave South...;Greenwich Village;75 Greenwich Ave
Bongo;299 Tenth Ave btwn 27th and 28th Sts;Chelsea;299 Tenth Ave btwn 27th and 28th Sts
Bonnie's Grill;;Park Slope;
Boom;152 Spring St btwn West Broadway and...;SoHo;152 Spring St btwn West Broadway and...
Bottega Del Vino;;Upper East Side;
Bottino;248 10th Ave btwn 24th and 25th Sts;Chelsea;248 10th Ave btwn 24th and 25th Sts
Boucarou;64 E 1st St btwn 1st and 2nd Aves;Lower East Side;49 Bleecker St
Bouchon Bakery;10 Columbus Circle btwn 58th and 60th...;Midtown West;10 Columbus Cir
Boutique Del Vino;;SoHo;
Braai;329 West 51st St btwn 8th and 9th Aves;Midtown West;329 W 51st St
Braeburn;117 Perry St btwn Greenwich and Hudson...;Greenwich Village;117 Perry St
Brasserie;100 E 53rd St btwn Lexington and Park...;Midtown East;100 E 53rd St
Brasserie 360;;Upper East Side;
Brasserie 52;772 Ninth Ave btwn 51st and 52nd Sts;Midtown West;772 Ninth Ave btwn 51st and 52nd Sts
Brasserie 8 1/2;;Midtown West;
Brasserie Athenee;;Midtown West;
Brasserie Cognac;1740 Broadway at 55th St;Midtown West;1740 Broadway
Brasserie Julien;;Upper East Side;
Brasserie Ruhlmann;45 Rockefeller Plaza btwn 5th and 6th...;Midtown West;45 Rockefeller Plaza
Bravo Gianni;230 E 63rd St btwn Second and Third Aves;Upper East Side;230 E 63rd St
Brawta Caribbean Outpost;447 Seventh Ave btwn 15th and 16th Sts;Park Slope;447 Seventh Ave btwn 15th and 16th Sts
Brazil Brazil;330 W 46th St btwn Eighth and Ninth Aves;Midtown West;252 W 46th St
Brazil Grill;787 8th Ave at 48th St;Midtown West;787 8th Ave
Bread and Olive;24 W 45th St btwn Fifth and Sixth Aves;Midtown West;24 W 45th St
Breeze;661 Ninth Ave btwn 45th and 46th Sts;Midtown West;661 Ninth Ave btwn 45th and 46th Sts
Brgr;287 7th Ave btwn 26th and 27th Sts;Chelsea;287 7th Ave btwn 26th and 27th Sts
Bricco;;Midtown West;
Brick Lane Too;;Midtown East;
Bricklane Curry House;;East Village;
Brio;;Upper East Side;
Broadway East;171 East Broadway btwn Jefferson and...;Lower East Side;171 E Broadway
Broadway Joe Steakhouse;;Midtown West;
Brooklyn Diner USA;212 W 57th St btwn Seventh Ave and...;Midtown West;212 W 57th St
Brooklyn Fish Camp;162 Fifth Ave btwn DeGraw and Douglass...;Park Slope;162 5th Ave
Brooklyn Flipster's;444 9th St;Park Slope;444 9th St
Brookvin;;Park Slope;
Brown Cafe;;Lower East Side;
Bruno Jamais Restaurant Club;24 E 81st St at Madison Ave;Upper East Side;24 E 81st St at Madison Ave
Bruno Ristorante;240 E 58th St btwn Second and Third Aves;Midtown East;240 E 58th St
Bryant Park Cafe and Grill;;Midtown West;
Buddakan;75 9th Ave at 16th St;Chelsea;75 9th Ave
Buenos Aires;;East Village;
Bull and Bear;;Midtown East;
Bun;;SoHo;
Burger Heaven;802 Lexington Ave at 62nd St;Upper East Side;802 Lexington Ave
Burger Heaven;802 Lexington Ave at 62nd St;Midtown East;802 Lexington Ave
Burger Joint;;Midtown West;
Burgers and Cupcakes;265 W 23 St btwn Seventh and Eighth Aves;Chelsea;265 W 23 St btwn Seventh and Eighth Aves
Burrito Bar and Kitchen;;Park Slope;
Bussaco;833 Union St btwn 6th and 7th Aves;Park Slope;833 Union St btwn 6th and 7th Aves
Butcher Bay;511 E 5th St btwn Avenues A and B;East Village;511 E 5th St btwn Avenues A and B
Butterfield 8;5 E 38th St btwn Fifth and Madison Aves;Midtown East;5 E 38th St btwn Fifth and Madison Aves
Buzina Pop;;Upper East Side;
Byblos;;Midtown East;
Cabana;1022 Third Ave btwn 60th and 61st Sts;Upper East Side;1022 Third Ave btwn 60th and 61st Sts
Cabrito;;Greenwich Village;
Cacio E Pepe;;East Village;
Cacio e Vino;;East Village;
Cafe Asean;;Greenwich Village;
Cafe Boulud;;Upper East Side;
Cafe Centro;;Midtown East;
Cafe Cluny;;Greenwich Village;
Cafe Condesa;;Greenwich Village;
Cafe Edison;228 W 47th St btwn Broadway and Eighth...;Midtown West;228 W 47th St
Cafe Evergreen;1288 First Ave at 69th St;Upper East Side;1288 First Ave at 69th St
Cafe Fiorello;1900 Broadway btwn 63rd and 64th Sts;Upper West Side;1900 Broadway btwn 63rd and 64th Sts
Cafe Frida;368 Columbus Ave btwn 77th and 78th Sts;Upper West Side;368 Columbus Ave
Cafe Joul;;Upper East Side;
Cafe Katja;;Lower East Side;
Cafe Loup;;Greenwich Village;
Cafe Luxembourg;200 W 70th St Amsterdam Ave;Upper West Side;200 W 70th St
Cafe Mogador;101 St Marks Pl btwn First Ave and Ave A;East Village;101 St Marks Pl btwn First Ave and Ave A
Cafe Pierre;;Midtown East;
Cafe Ronda;249 Columbus Ave btwn 71st and 72nd Sts;Upper West Side;249 Columbus Ave btwn 71st and 72nd Sts
Cafe SFA;;Midtown West;106 W 145th St
Cafe Sabarsky;;Upper East Side;106 W 145th St
Cafe Soleil;1016 Second Ave btwn 53rd and 54th Sts;Midtown East;54th St
Cafe Spice;;Greenwich Village;
Cafe Spice;;Midtown West;
Cafe Steinhof;422 Seventh Ave at 14th St;Park Slope;422 7th Ave
Cafe con Leche;424 Amsterdam Ave btwn 80th and 81st Sts;Upper West Side;E 81st St
Cafe d'Alsace;1695 2nd Ave at 88th St;Upper East Side;1695 2nd Ave
Cafe de Bruxelles;;Greenwich Village;
Cafe des Artistes;1 W 67th St at Central Park West;Upper West Side;1 W 67th St
Cafe@RMA;;Chelsea;
Cafecito;;East Village;
Cafetasia;;Greenwich Village;
Cafeteria;;Chelsea;
Caffe Emilia;;East Village;
Caffe Falai;265 Lafayette St at Prince St;SoHo;265 Lafayette St
Caffe Grazie;26 E. 84th St btwn Madison and 5th Aves;Upper East Side;26 E 84th St
Caffe Linda;;Midtown East;
Calle Ocho;;Upper West Side;
CamaJe Bistro;;Greenwich Village;
Cambodian Cuisine;;Upper East Side;
Campagnola;1382 First Ave btwn 73rd and 74th Sts;Upper East Side;E 74th St
Campo;;Upper West Side;
Canaletto;208 E 60th St btwn 2nd and 3rd Aves;Upper East Side;3rd Ave
Candle 79;;Upper East Side;
Candle Cafe;;Upper East Side;
Cannonau;205 E 4th St btwn Aves A and B;East Village;205 E 4th St btwn Aves A and B
Canyon Road;;Upper East Side;
Caracas Arepa Bar;;East Village;
Caravan of Dreams;;East Village;
Carbone;331 W 38th St btwn Eight and Ninth Aves;Midtown West;331 W 38th St
Carl's Steaks;507 Third Ave btwn 34th and 35th Sts;Midtown East;507 Third Ave btwn 34th and 35th Sts
Carmine's;200 W 44th St btwn Seventh Ave and...;Midtown West;200 W 44th St
Carmine's;200 W 44th St btwn Seventh Ave and...;Upper West Side;200 W 44th St
Carne (CLOSED);2737 Broadway at 105th St;Upper West Side;2737 Broadway
Carne Vale;;East Village;
Carnegie Deli;;Midtown West;
Casa;72 Bedford St at Commerce St;Greenwich Village;72 Bedford St
Casa Adela;;East Village;
Casa La Femme;;Greenwich Village;
Casa la Femme North;;Midtown East;
Casablanca Tea Room;164 Mercer St btwn Houston and Prince...;SoHo;164 Mercer St btwn Houston and Prince...
Casanis;;Lower East Side;
Cascina;647 Ninth Ave btwn 45th and 46th Sts;Midtown West;647 Ninth Ave btwn 45th and 46th Sts
Casellula Cheese and Wine Cafe;401 W 52nd St at Ninth Ave;Midtown West;401 W 52nd St
Casimir;103-105 Ave B btwn 6th and 7th Sts;East Village;103-105 Ave B btwn 6th and 7th Sts
Cavatappo Wine Bar;1728 Second Ave btwn 89th and 90th Sts;Upper East Side;1728 Second Ave btwn 89th and 90th Sts
Caviar Russe - Wave Sushi;;Midtown East;
Celeste;;Upper West Side;
Cellini;;Midtown East;
Cendrillon;;SoHo;
Center Cut;;Upper West Side;
Centolire;1167 Madison Ave btwn 85th and 86th Sts;Upper East Side;1000 5th Ave
Centovini;25 W Houston St at Greene St;SoHo;25 W Houston St
Central Park Boathouse Restaurant;Central Park Lake at 72nd St;Upper East Side;Central Park Lake at 72nd St
Centro Vinoteca;;Greenwich Village;
Chai Home Kitchen;;Midtown West;
Chat Noir;;Upper East Side;
Chez Jacqueline;72 MacDougal St btwn Bleecker and...;Greenwich Village;72 MacDougal St
Chez Josephine;;Midtown West;
Chez Napoleon;;Midtown West;
Chiam;160 E 48th St btwn Lexington and Third...;Midtown East;160 E 48th St btwn Lexington and Third...
Chickie Pig's;121 Ludlow St btwn Delancey and...;Lower East Side;121 Ludlow St
Chickpea;;East Village;
ChikaLicious Puddin';;East Village;
Chikalicious;;East Village;
Chimichurri Grill;606 Ninth Ave btwn 43rd and 44th Sts;Midtown West;606 Ninth Ave btwn 43rd and 44th Sts
Chin Chin;216 E 49th St btwn Second and Third Aves;Midtown East;216 E 49th St
China 1;;East Village;
China Fun;246 Columbus Ave btwn 71st and 72nd Sts;Upper West Side;246 Columbus Ave btwn 71st and 72nd Sts
China Fun;246 Columbus Ave btwn 71st and 72nd Sts;Upper East Side;246 Columbus Ave btwn 71st and 72nd Sts
China Grill;60 W 53rd St btwn 5th and 6th Aves;Midtown West;60 W 53rd St
China de Puebla (CLOSED);3143 Broadway at La Salle St;Upper West Side;3143 Broadway
Chinatown Brasserie;;East Village;
Chip Shop;;Park Slope;
Chiyono;;East Village;
Cho Cho San;;Greenwich Village;
Cho Dang Gol;55 W 35th St btwn 5th and 6th Aves;Midtown West;6th Ave
Choga;;Greenwich Village;
Chola;232 E 58th St btwn Second and Third Aves;Midtown East;232 E 58th St
Chop Suey;;Midtown West;
Chow Bar;230 W 4th St at 10th St;Greenwich Village;230 West 4th Street
Churrascaria Plataforma;316 W 49th St btwn Eighth and Ninth Aves;Midtown West;316 W 49th St
Ciaobella;;Upper East Side;
Cilantro;1712 2nd Ave at 89th St;Upper West Side;1712 2nd Ave
Cilantro;1712 2nd Ave at 89th St;Upper East Side;1712 2nd Ave
Cipolla Rossa;1762 1st Ave btwn 91st and 92nd Sts;Upper East Side;1762 1st Avenue
Cipriani Dolci;;Midtown East;
Circus;;Upper East Side;
Citrus Bar and Grill;;Upper West Side;
City Burger;1410 Broadway at 39th St;Midtown West;1410 Broadway
City Lobster and Crab Company;;Midtown West;
City Winery;;SoHo;
Clo Wine Bar;;Upper West Side;
Clubhouse Cafe;155 West 46th St btwn 6th and 7th Aves;Midtown West;155 West 46th St btwn 6th and 7th Aves
Co.;230 9th Ave btwn 24th and 25th Sts;Chelsea;230 9th Ave btwn 24th and 25th Sts
Coco Roco;392 Fifth Ave btwn 6th and 7th Sts;Park Slope;392 Fifth Ave btwn 6th and 7th Sts
Col Legno;231 E 9th St btwn Second and Third Aves;East Village;231 E 9th St btwn Second and Third Aves
Colors;;East Village;
Commerce;;Greenwich Village;
Compass;208 W 70th St at Amsterdam Ave;Upper West Side;208 W 70th St
Cong Ly;124 Hester St at Chrystie St;Lower East Side;124 Hester St
Congee Bowery;207 Bowery at Rivington St;Lower East Side;207 Bowery
Congee Restaurant;;Lower East Side;
Congee Village;100 Allen St btwn Broome and Delancey...;Lower East Side;100 Allen St
Convivio;;Midtown East;
Convivium Osteria;68 5th Ave btwn Bergen St and St Marks...;Park Slope;68 5th Ave
Cookshop;;Chelsea;
Cooper's Tavern;481 8th Ave at 35th Street;Midtown West;481 8th Ave
Coppola's;;Upper West Side;
Core One Nine One (CLOSED);;Lower East Side;
Cork and Fin;;Upper East Side;
Cornelia Street Cafe;29 Cornelia St btwn Bleecker and W 4th...;Greenwich Village;18-20 Cornelia St
Corner Bistro;;Greenwich Village;
Cosette;163 E 33rd St btwn Lexington and Third...;Midtown East;163 E 33rd St
Counter;105 First Ave btwn 6th and 7th Sts;East Village;105 First Ave btwn 6th and 7th Sts
Country Cafe;69 Thompson St btwn Broome and Spring...;SoHo;69 Thompson St
Cowgirl;519 Hudson St at 10th St;Greenwich Village;519 Hudson St
Craftsteak;85 10th Ave at 15th St;Chelsea;85 10th Ave
Crave Ceviche and Wine Bar (CLOSED);946 Second Ave btwn 50th and 51st Sts;Midtown East;W 51st St
Crave on 42nd Street;650 W 42nd St at 11th Ave;Midtown West;650 W 42nd St
Crema Restaurante;111 W 17th St btwn 6th and 7th Aves;Chelsea;111 W 17th St btwn 6th and 7th Aves
Crif Dogs;113 St Marks Pl btwn First Ave and Ave A;East Village;113 St Marks Pl
Crispo;240 W 14th St btwn 7th and 8th Aves;Greenwich Village;240 W 14th St
Cru;24 5th Ave at 9th St;Greenwich Village;24 5th Ave
Cub Room;131 Sullivan St at Prince St;SoHo;131 Sullivan St
Cub Room Cafe;;SoHo;
Cuba;;Greenwich Village;
Cuba Cafe;200 Eighth Ave btwn 20th and 21st Sts;Chelsea;200 Eighth Ave btwn 20th and 21st Sts
Cubana Cafe;;SoHo;
Cube 63;;Lower East Side;
Cucina di Pesce;87 E 4th St btwn Second and Third Aves;East Village;87 E 4th St btwn Second and Third Aves
Curry-Ya;214 East 10th St btwn 1st and 2nd Aves;East Village;214 East 10th St btwn 1st and 2nd Aves
DB Bistro Moderne;55 W 44th St btwn 5th and 6th Aves;Midtown West;55 W 44th St btwn 5th and 6th Aves
Da Andrea;557 Hudson St btwn Perry and W 11th Sts;Greenwich Village;557 Hudson St
Da Antonio;157 E 55th St btwn Lexington and Third...;Midtown East;157 E 55th St
Da Silvano;;Greenwich Village;
Da Silvano Bistecca;;Greenwich Village;
Da Tommaso;903 Eighth Ave btwn 53rd and 54th Sts;Midtown West;54th St
Da Umberto;;Chelsea;
Daisy May's BBQ USA;623 11th Ave at 46th St;Midtown West;623 11th Ave
Dakshin Indian Bistro;;Upper East Side;
Danal;;East Village;
Daniel;;Upper East Side;
Dardanel;1071 1st Ave btwn 58th and 59th Sts;Midtown East;1071 1st Ave btwn 58th and 59th Sts
David Burke Townhouse;;Upper East Side;
Dawat;210 E 58th St btwn 2nd and 3rd Aves;Midtown East;3rd Ave
De Santos;139 W 10th St btwn 5th and 6th Aves;Greenwich Village;6th Ave
Dean's;215 W 85th St btwn Amsterdam Ave and...;Upper West Side;215 W 85th St
Dean's;215 W 85th St btwn Amsterdam Ave and...;Midtown East;215 W 85th St
Death and Company;;East Village;
Deborah;43 Carmine St btwn Bedford and Bleecker...;Greenwich Village;43 Carmine St
Deborah (CLOSED);;Greenwich Village;
Degustation;239 E 5th St btwn 2nd and 3rd Aves;East Village;239 E 5th St btwn 2nd and 3rd Aves
Del Frisco's Double Eagle Steakhouse;1221 Sixth Ave at 49th St;Midtown West;1221 6th Ave
Del Posto;85 10th Ave btwn 15th and 16th Sts;Chelsea;85 10th Ave btwn 15th and 16th Sts
Delicatessen;54 Prince St at Lafayette St;SoHo;54 Prince St at Lafayette St
Delicia Brazil;;Greenwich Village;
Dell'Anima;38 Eighth Ave btwn Jane and W 12th Sts;Greenwich Village;38 Eighth Ave btwn Jane and W 12th Sts
Delta Grill;700 Ninth Ave at 48th St;Midtown West;700 9th Ave
Demarchelier;50 E 86th St btwn Madison and Park Aves;Upper East Side;49 East 86th St
Desnuda;;East Village;
Diablo Royale;189 W 10th Street btwn W 4th and...;Greenwich Village;189 W 10th St
Dirt Candy;430 E 9th St btwn 1st Ave and Ave A;East Village;430 E 9th St btwn 1st Ave and Ave A
Dirty Bird to Go;204 W 14th St btwn Seventh and Eighth...;Chelsea;204 W 14th St
District;130 W 46th St btwn Sixth and Seventh...;Midtown West;130 W 46th St
Ditch Plains;29 Bedford St at Downing St;Greenwich Village;29 Bedford St
Diwan Restaurant;;Midtown East;
Django (CLOSED);;Midtown East;
Do Hwa;55 Carmine St at Bedford St;Greenwich Village;55 Carmine St
DoSirak;30 E 13th St btwn Fifth Ave and...;Greenwich Village;30 E 13th St
Docks Oyster Bar and Seafood Grill;2427 Broadway btwn 89th and 90th Sts;Midtown East;2441 Broadway
Docks Oyster Bar and Seafood Grill;2427 Broadway btwn 89th and 90th Sts;Upper West Side;2441 Broadway
Docks Oyster Bar and Seafood Grill (CLOSED);;Upper West Side;
Dolce Vita;181 Grand St btwn Baxter and Mulberry...;SoHo;181 Grand St
Domenico;120 E. 40th St btwn Lexington and Park...;Midtown East;120 E 40th St
Don's Bogam BBQ and Wine Bar;;Midtown West;
Donguri;;Upper East Side;
Dos Caminos Soho;475 West Broadway at Houston St;SoHo;475 W Broadway
Double Crown;;East Village;
Dovetail;;Upper West Side;
Downtown Cipriani;376 West Broadway btwn Broome and...;SoHo;376 W Broadway
Druids;;Midtown West;
Ducale;392 Columbus Ave at 79th St;Upper West Side;392 Columbus Ave
Due;;Upper East Side;
Dumpling House;;Lower East Side;
Dumpling Man;;East Village;
EJ's Luncheonette;;Upper East Side;
EJ's Luncheonette;;Upper West Side;
EJ's Luncheonette (CLOSED);;Greenwich Village;
EN Japanese Brasserie;435 Hudson St at Leroy St;Greenwich Village;435 Hudson St
Earth NYC;116A 10th Avenue btwn 17th and 18th Sts;Chelsea;116A 10th Avenue btwn 17th and 18th Sts
Earthen Oven;;Upper West Side;
East Village Yacht Club (CLOSED);42 E 1st St btwn First and Second Aves;East Village;42 E 1st St btwn First and Second Aves
East of Eighth;;Chelsea;
Eatery;;Midtown West;
Ed's Lobster Bar;;SoHo;
Eighty One;45 W 81st St btwn Columbus Ave and...;Upper West Side;45 W 81st St
El Centro;824 Ninth Ave at 54th St;Midtown West;824 9th Ave
El Cid (CLOSED);322 W 15th St btwn Eighth and Ninth Aves;Chelsea;10W W 15th St
El Cocotero;228 W 18th St btwn Seventh and Eighth...;Chelsea;228 W 18th St
El Maguey y La Tuna;321 E Houston St btwn Attorney and...;Lower East Side;321 E Houston St
El Parador Cafe;;Midtown East;
El Paso;134 W Houston St btwn MacDougal and...;Greenwich Village;134 W Houston St
El Paso Taqueria;1642 Lexington Ave btwn 103rd and 104th...;Upper East Side;W 104th St
El Quijote;226 W 23rd St btwn Seventh and Eighth...;Chelsea;204 W 23rd St
El Quinto Pino;;Chelsea;
El Rey del Sol;232 W 14th St btwn Seventh and Eighth...;Greenwich Village;232 W 14th St
Elaine's;;Upper East Side;
Elementi;;Park Slope;
Elephant and Castle;68 Greenwich Ave btwn Sixth Ave and...;Greenwich Village;68 Greenwich Ave
Elettaria;33 W 8th St at MacDougal St;Greenwich Village;33 W 8th St
Elio's;;Upper East Side;
Ellis Bar;627 5th Ave btwn 17th and 18th Sts;Park Slope;627 5th Ave btwn 17th and 18th Sts
Elmo;;Chelsea;
Elyssa Dido;85 Orchard St at Broome St;Lower East Side;85 Orchard St
Employees Only;510 Hudson St btwn Christopher and West...;Greenwich Village;510 Hudson St
Ennio and Michael;539 La Guardia Pl btwn Bleecker and W...;Greenwich Village;539 LaGuardia Pl
Epices du Traiteur;103 W 70th St btwn Columbus Ave and...;Upper West Side;103 W 70th St
Erminia;;Upper East Side;
Esashi;;East Village;
Esca;;Midtown West;
Esperanto;145 Ave C at 9th St;East Village;145 Loisaida Ave
Essex;;Lower East Side;
Estiatorio Milos;125 W 55th St btwn 6th and 7th Aves;Midtown West;125 W 55th St
Etats-Unis;242 E 81st St btwn 2nd and 3rd Aves;Upper East Side;3rd Ave
Etcetera Etcetera;352 W 44th St btwn Eighth and Ninth Aves;Midtown West;352 W 44th St
Ethos;495 Third Ave btwn 33rd and 34th Sts;Midtown East;W 34th St
Etrusca;125 W 53rd St btwn Sixth and Seventh...;Midtown West;125 W 53rd St
Euzkadi;;East Village;
Evergreen Shanghai;10 E 38th St btwn Fifth and Madison Aves;Midtown East;10 E 38th St
Extra Virgin;;Greenwich Village;
Fabio Piccolo Fiore;230 E 44th St at Second Ave;Midtown East;230 E 44th St # 1
Fairway Cafe and Steakhouse;2127 Broadway btwn 74th and 75th Sts;Upper West Side;2127 Broadway btwn 74th and 75th Sts
Falai;68 Clinton St btwn Stanton and...;Lower East Side;68 Clinton St btwn Stanton and...
Falai Panetteria;79 Clinton St at Rivington St;Lower East Side;79 Clinton St
Fanelli's Cafe;;SoHo;
Fat Hippo;;Lower East Side;
Fatty Crab UWS;;Upper West Side;
Favela Cubana;;Greenwich Village;
Felice Wine Bar;1166 First Ave at First Ave;Upper East Side;1166 1st Avenue
Felidia;243 E 58th St btwn 2nd and 3rd Aves;Midtown East;3rd Ave
Felix;;SoHo;
Fiamma (CLOSED);;SoHo;
Fig and Olive;;Upper East Side;
Fig and Olive Midtown;10 E 52nd St btwn Fifth and Madison...;Midtown East;10 E 52nd St
Film Center Cafe;;Midtown West;
Firebird Russian Restaurant;365 W 46th St btwn 8th and 9th Aves;Midtown West;365 W 46th St btwn 8th and 9th Aves
Fireside;;Midtown East;
First Hungarian Literary Society;;Upper East Side;
Fish;;Greenwich Village;
Fishtail by David Burke;135 E 62nd St btwn Park and Lexington...;Upper East Side;135 E 62nd St
Five Guys Famous Burgers and Fries;296 Bleecker St at Seventh Ave So;Greenwich Village;296 Bleecker St
Five Napkin Burger;;Midtown West;
Fives;700 Fifth Ave at 55th St;Midtown West;700 5th Ave
Flea Market Cafe;;East Village;
Flex Mussels;174 E 82nd St btwn Lexington and Third...;Upper East Side;174 E 82nd St
Flip;;Midtown East;
Flor de Mayo;;Upper West Side;
Foley's Fish House;;Midtown West;
Fragolino Trattoria;;Midtown West;
Franchia;;Midtown East;
Francisco's Centro Vasco;;Chelsea;
Frank;88 Second Ave btwn 5th and 6th Sts;East Village;6th Ave
Frankie and Johnnie's Steakhouse;;Midtown West;
Frankies 17 Clinton Street Spuntino;;Lower East Side;
Fred's at Barneys;;Upper East Side;
Frederick's Downtown;;Greenwich Village;
Frederick's Madison;;Upper East Side;
Freemans;191 Chrystie St btwn Stanton and...;Lower East Side;191 Chrystie St
French Roast;2340 Broadway at 85th St;Upper West Side;2340 Broadway
French Roast;2340 Broadway at 85th St;Greenwich Village;2340 Broadway
Fresco by Scotto;34 E 52nd St btwn Madison and Park Aves;Midtown East;34 E 52nd St
Fresco on the Go;40 E 52nd St btwn Madison and Park Aves;Midtown East;40 E 52nd St
Friedman's Lunch;;Chelsea;
Friend House;99 Third Ave btwn 12th and 13th Sts;East Village;99 Third Ave btwn 12th and 13th Sts
Friend House 2;;East Village;
Fulton;205 E 75th St btwn 2nd and 3rd Aves;Upper East Side;3rd Ave
Funayama;24 Greenwich Ave btwn Charles and W...;Greenwich Village;24 Greenwich Ave btwn Charles and W...
Funky Diner;466 Columbus Ave btwn 82nd and 83rd Sts;Upper West Side;466 Columbus Ave btwn 82nd and 83rd Sts
Gabriel's Bar and Restaurant;;Upper West Side;
Gabriela's;688 Columbus Ave btwn 93rd and 94th Sts;Upper West Side;688 Columbus Ave btwn 93rd and 94th Sts
Gaby Restaurant;44 West 45th St btwn Fifth and Sixth...;Midtown West;44 W 45th St
Galanga;;Greenwich Village;
Gallagher's Steakhouse;228 W 52nd St btwn Broadway and Eighth...;Midtown West;228 W 52nd St
Gallo Nero;402 W 44th St at Ninth Ave;Midtown West;402 W 44th St
Garden Court Cafe;725 Park Ave at 70th St;Upper East Side;725 Park Ave
Gari;370 Columbus Ave btwn 77th and 78th Sts;Upper West Side;370 Columbus Ave btwn 77th and 78th Sts
Gascogne;158 Eighth Ave btwn 17th and 18th Sts;Chelsea;158 Eighth Ave btwn 17th and 18th Sts
Gavroche;;Greenwich Village;
Gazala Place;709 Ninth Ave at 49th St;Midtown West;709 9th Ave
Geisha;33 E 61st St btwn Park and Madison Aves;Upper East Side;33 E 61st St
Gemma;355 Bowery btwn 2nd and 3rd Sts;East Village;355 Bowery btwn 2nd and 3rd Sts
Gene's;;Greenwich Village;
Gennaro;665 Amsterdam Ave btwn 92nd and 93rd Sts;Upper West Side;E 93rd St
Georgia's Eastside BBQ;92 Orchard St btwn Stanton and Houston...;Lower East Side;163 Orchard St
Giambelli 50th;46 E 50th St btwn Madison and Park Aves;Midtown East;46 E 50th St btwn Madison and Park Aves
Giano;126 E 7th St btwn 1st Ave and Ave A;East Village;126 E 7th St
Gilt;455 Madison Ave btwn 50th and 51st Sts;Midtown East;455 Madison Ave
Gino;780 Lexington Ave btwn 60th and 61st Sts;Upper East Side;780 Lexington Ave
Giorgione;307 Spring St at Hudson St;SoHo;307 Spring St
Girasole;151 E 82nd St btwn Lexington and Third...;Upper East Side;151 E 82nd St
Gnocco Cucina and Tradizione;337 E 10th St btwn Aves A and B;East Village;337 E 10th St
Gobo;;Upper East Side;
Gobo;;Greenwich Village;
Gonzo;140 W 13th St btwn Sixth and Seventh...;Greenwich Village;140 W 13th St
Good;89 Greenwich Ave btwn Bank and W 12th...;Greenwich Village;89 Greenwich Ave btwn Bank and W 12th...
Good Enough to Eat;483 Amsterdam Ave btwn 83rd and 84th Sts;Upper West Side;E 84th St
Goodburger;800 Second Ave at 43rd St;Midtown East;800 2nd Ave 7th floor
Gordon Ramsay at The London;151 W 54th St btwn 6th and 7th Aves;Midtown West;151 W 54th St
Gotham Bar and Grill;;Greenwich Village;
Gottino;52 Greenwich Ave btwn Perry and Charles...;Greenwich Village;52 Greenwich Ave btwn Perry and Charles...
Grace's Trattoria;;Upper East Side;106 W 145th St
Gradisca;126 W 13th St btwn Sixth and Seventh...;Greenwich Village;126 W 13th St
Graffiti;224 East 10th St btwn 1st and 2nd Aves;East Village;224 East 10th St btwn 1st and 2nd Aves
Grand Central Oyster Bar;101 E 42nd St btwn Park and Vanderbilt...;Midtown East;101 E 42nd St
Grand Sichuan;;Lower East Side;
Grand Tier Restaurant;;Upper West Side;
Grano Trattoria;21 Greenwich Ave at 10th St;Greenwich Village;21 Greenwich Ave
Grom;;Upper West Side;
Grotto;;Lower East Side;
Guantanamera;;Midtown West;
GustOrganics;;Greenwich Village;
Gusto Ristorante e Bar Americano;;Greenwich Village;
Gyu-Kaku;;East Village;
Gyu-kaku;;Midtown East;
HK;;Midtown West;
Hacienda de Argentina;339 E 75th St btwn First and Second Aves;Upper East Side;339 E 75th St
Hakata Tonton;;Greenwich Village;
Hallo Berlin;;Midtown West;
Hampton Chutney Co.;68 Prince St btwn Crosby and Lafayette...;Upper West Side;68 Prince St
Hampton Chutney Co.;68 Prince St btwn Crosby and Lafayette...;SoHo;68 Prince St
Han Bat;53 W 35th St btwn Fifth and Sixth Aves;Midtown West;53 W 35th St
Hanci Turkish Cuisine;;Midtown West;
Harry Cipriani;;Midtown East;
Haru;;Midtown East;
Haru;;Midtown West;
Haru;;Upper West Side;
Haru;;Upper East Side;
Hasaki;210 E 9th St btwn Second and Third Aves;East Village;60E W 9th St
Hatsuhana;17 E.. 48th St btwn 5th and Madison Aves;Midtown East;17 E 48th St
Hatsuhana Park;237 Park Ave at 46th St;Midtown East;237 Park Ave
Havana Alma de Cuba;94 Christopher St btwn Hudson and...;Greenwich Village;94 Christopher St btwn Hudson and...
Havana Central;151 W 46th St btwn Sixth and Seventh...;Midtown West;151 W 46th St
Havana Chelsea;;Chelsea;
Haveli;;East Village;
Haven;;Midtown East;
Hawaiian Tropic Zone;;Midtown West;
Hea;;East Village;
Heartbeat;;Midtown East;
Hearth;;East Village;
Heidelberg;;Upper East Side;
Hell's Kitchen;679 Ninth Ave btwn 46th and 47th Sts;Midtown West;679 Ninth Ave btwn 46th and 47th Sts
Henry's;2745 Broadway at 105th St;Upper West Side;2745 Broadway
Hip Hop Chow (CLOSED);;East Village;
Hiro;84 E 10th St at Fourth Ave;East Village;84 E 10th St
Holy Basil;149 Second Ave btwn 9th and 10th Sts;East Village;149 Second Ave btwn 9th and 10th Sts
Home;;Greenwich Village;
Hudson Cafeteria;;Midtown West;
Hundred Acres;38 MacDougal St btwn Houston and Prince...;SoHo;38 MacDougal St btwn Houston and Prince...
I Coppi;432 E 9th St btwn First Ave and Ave A;East Village;432 E 9th St btwn First Ave and Ave A
I Sodi;105 Christopher St near Bleecker St;Greenwich Village;105 Christopher St
I Tre Merli;;SoHo;
I Tre Merli Bistro;;Greenwich Village;
Icon;;Midtown East;
Ideya;349 West Broadway btwn Broome and Grand...;SoHo;349 W Broadway
Il Bagatto;;East Village;
Il Bastardo;161 Seventh Ave;Chelsea;161 7th Ave
Il Cantinori;;Greenwich Village;
Il Corso;19 W 55th St btwn Fifth and Sixth Aves;Midtown West;19 W 55th St
Il Gattopardo;33 W 54th St btwn Fifth and Sixth Aves;Midtown West;65 W 54th St
Il Laboratorio del Gelato;95 Orchard St btwn Broome and Delancey...;Lower East Side;95 Orchard St btwn Broome and Delancey...
Il Mulino;;Greenwich Village;
Il Nido;251 E 53rd St btwn Second and Third Aves;Midtown East;251 E 53rd St
Il Postino;337 E 49th St btwn First and Second Aves;Midtown East;337 E 49th St
Il Riccio;152 E 79th St at Lexington Ave;Upper East Side;152 E 79th St at Lexington Ave
Il Vagabondo;351 E 62nd St btwn First and Second Aves;Upper East Side;351 E 62nd St
Il Valentino;;Midtown East;
In Vino;215 E 4th St btwn Aves A and B;East Village;215 E 4th St btwn Aves A and B
Inagiku;111 E 49th St btwn Park and Lexington...;Midtown East;111 E 48th St
Inakaya;;Midtown West;
Indian Bread Co;194 Bleecker St btwn Sixth Ave and...;Greenwich Village;194 Bleecker St
Indigo Indian Bistro;;Midtown East;
Indochine;;Greenwich Village;
Indus Valley;2636 Broadway at 100th St;Upper West Side;2636 Broadway
Inside Park at St. Bart's;;Midtown East;
Inside Park at St. Bart’s;109 E 50th St at Park Ave;Midtown East;109 E 50th St
Insieme;;Midtown West;
Ippudo;65 4th Ave at 10th St;East Village;65 4th Ave
Iron Sushi;355 E 78th St btwn First and Second...;Upper East Side;355 E 78th St
Isabella's;359 Columbus Ave at 77th St;Upper West Side;359 Columbus Ave
Isle of Capri;;Upper East Side;
Islero;247 East 50th St btwn Second and Third...;Midtown East;247 East 50th St btwn Second and Third...
It's a Dominican Thing;144 W 19th St btwn Sixth and Seventh...;Chelsea;144 W 19th St
Ithaka;;Upper East Side;
Itzocan Bistro;1575 Lexington Ave at 101st St;Upper East Side;1575 Lexington Ave
Itzocan Cafe;438 E 9th St btwn First Ave and Ave A;East Village;438 E 9th St btwn First Ave and Ave A
Ivy's Cafe;;Upper West Side;
Izakaya Ten;207 10th Ave at 23rd St;Chelsea;207 10th Ave
JG Melon;;Upper East Side;
Jack's Luxury Oyster Bar;;East Village;
Jack's Restaurant and Bar;;Midtown West;
Jacques Brasserie;;Upper East Side;
Jacques Imo's;366 Columbus Ave at 77th St;Upper West Side;366 Columbus Ave
Jaipur's;1007 Second Ave btwn 53rd and 54th Sts;Midtown East;54th St
Jane;100 W Houston St btwn La Guardia Pl and...;Greenwich Village;100 W Houston St btwn La Guardia Pl and...
Japonica;;Greenwich Village;
Java;;Park Slope;
Je'Bon Noodle House;15 St Marks Pl btwn 2nd and 3rd Aves;East Village;15 St Marks Pl btwn 2nd and 3rd Aves
Jean Claude;137 Sullivan St btwn Houston and Prince...;SoHo;137 Sullivan St btwn Houston and Prince...
Jean Georges;;Upper West Side;
Jeeb;154 Orchard St btwn Stanton and...;Lower East Side;154 Orchard St btwn Stanton and...
Jeollado;116 E 4th St btwn First and Second Aves;East Village;New York
Jewel Bako;239 E 5th St btwn 2nd and 3rd Aves;East Village;239 E 5th St btwn 2nd and 3rd Aves
Jewel of India;15 W 44th St btwn Fifth and Sixth Aves;Midtown West;15 W 44th St
Jimmy's No. 43;43 E 7th St at 2nd Ave;East Village;43 E 7th St
Joe Allen;326 W 46th St btwn Eighth and Ninth Aves;Midtown West;326 W 46th St
Joe's Pizza;;Greenwich Village;
JoeDoe;45 East 1st St btwn 1st and 2nd Aves;East Village;45 East 1st St btwn 1st and 2nd Aves
John's Pizzeria;;Upper East Side;
John's Pizzeria;;Greenwich Village;
John's Pizzeria;;Midtown West;
John's of 12th Street;302 E 12th St btwn First and Second Aves;East Village;302 E 12th St btwn First and Second Aves
Johnny Mack's;1114 Eighth Ave at 12th St;Park Slope;1114 Frederick Douglass Blvd
Johnny Utah's;25 W 51st St btwn Fifth and Sixth Aves;Midtown West;25 W 51st St
Jojo;160 E 64th St btwn Lexington and 3rd...;Upper East Side;160 E 64th St
Josephina;;Upper West Side;
Josie's;;Upper West Side;
Joy Burger Bar;;Upper East Side;
Jubilee;347 E 54th St at First Ave;Midtown East;415 E 54th St
Junior's Restaurant;1515 Broadway btwn 44th and 45th Sts;Midtown West;1515 Broadway btwn 44th and 45th Sts
Kafana;116 Ave C btwn E 7th and 8th Sts;East Village;116 Loisaida Ave
Kai;822 Madison Ave btwn 68th and 69th Sts;Upper East Side;822 Madison Ave btwn 68th and 69th Sts
Kambi Ramen House;;East Village;
Kampuchea;;Lower East Side;
Kanoyama;;East Village;
Kasadela;;East Village;
Kate's Joint;58 Ave B at 4th St;East Village;58 Avenue B
Katsu-Hama;;Midtown East;
Katz's Delicatessen;;Lower East Side;
Keens Steakhouse;72 W 36th St btwn 5th and 6th Aves;Midtown West;6th Ave
Kefi;505 Columbus Ave btwn 84th and 85th Sts;Upper West Side;E 85th St
Kellari Taverna;19 W 44th St btwn 5th and 6th Aves;Midtown West;49 W 44th St
Kelley and Ping;127 Greene St btwn Houston and Prince...;SoHo;127 Greene St btwn Houston and Prince...
Kelley and Ping East Village (CLOSED);325 Bowery at Second St;East Village;325 Bowery
Khyber Pass;;East Village;
Kinara;473 Fifth Ave btwn 10th and 11th Sts;Park Slope;473 5th Ave
Kings' Carriage House;251 E 82nd St btwn Second and Third Aves;Upper East Side;251 E 82nd St
Kingswood;121 W 10th St btwn Greenwich and 6th...;Greenwich Village;121 W 10th St
KitchenBar;687 6th Ave btwn 19th and 20th Sts;Park Slope;687 6th Ave btwn 19th and 20th Sts
Kittichai;60 Thompson St btwn Spring and Broome...;SoHo;60 Thompson St
Klee Brasserie;200 9th Ave btwn 22nd and 23rd Sts;Chelsea;200 9th Ave btwn 22nd and 23rd Sts
Klong;7 St Marks Pl btwn Second and Third...;East Village;7 St Marks Pl
Knife and Fork;;East Village;
Ko Sushi;1329 Second Ave at 70th St;Upper East Side;1329 2nd Ave
Kobe Club;;Midtown West;
Kobma Thai;;Greenwich Village;
Koi;40 W 40th St btwn Fifth and Sixth Aves;Midtown West;W 40th St
Korea Palace;127 E 54th St btwn Park and Lexington...;Midtown East;127 E 54th St
Kouzan;685 Amsterdam Ave btwn 93rd and 94th Sts;Upper West Side;685 Amsterdam Ave btwn 93rd and 94th Sts
Krunch Pizza Bar;980 Second Ave btwn 51st and 52nd Sts;Midtown East;980 Second Ave btwn 51st and 52nd Sts
Kum Gang San;49 W 32nd St at Broadway;Midtown West;49 W 32nd St
Kuma Inn;113 Ludlow St btwn Rivington and...;Lower East Side;113 Ludlow St
Kura Sushi;;East Village;
Kurumazushi;;Midtown East;
Kurve;;East Village;
Kyo Ya;94 E 7th St at First Ave;East Village;94 E 7th St
Kyotofu;;Midtown West;
L'Absinthe Brasserie;227 E 67th St;Upper East Side;227 E 67th St
L'Artusi;;Greenwich Village;
L'Atelier de Joel Robuchon;57 E 57th St btwn Madison and Park Aves;Midtown East;252 E 57th St
L'Ecole;462 Broadway at Grand St;SoHo;462 Broadway at Grand St
L'Orange Bleue;;SoHo;
L.E.S. Sandwicherie;;Lower East Side;
La Barra;;Lower East Side;
La Bonne Soupe;;Midtown West;
La Bottega Caffe;;Chelsea;
La Cantina;;Greenwich Village;
La Carne Grill;340 Lexington Ave btwn 39th and 40th Sts;Midtown East;340 Lexington Ave
La Fonda Boricua;;Upper East Side;
La Fonda Del Sol;;Midtown East;
La Gioconda;;Midtown East;
La Goulue;746 Madison Ave btwn 64th and 65th Sts;Upper East Side;746 Madison Ave btwn 64th and 65th Sts
La Grenouille;3 E 52nd St btwn 5th and Madison Aves;Midtown East;3 E 52nd St
La Lanterna di Vittorio;129 MacDougal St btwn 3rd and 4th Sts;Greenwich Village;129 MacDougal St btwn 3rd and 4th Sts
La Lunchonette;;Chelsea;
La Mangeoire;1008 Second Ave btwn 53rd and 54th Sts;Midtown East;54th St
La Masseria;235 W 48th St btwn Broadway and Eighth...;Midtown West;235 W 48th St
La Mediterranee;947 2nd Ave btwn 50th and 51st Sts;Midtown East;947 2nd Ave btwn 50th and 51st Sts
La Nacional;;Greenwich Village;
La Paella;;East Village;
La Rural;;Upper West Side;
La Sirene;;SoHo;
La Sirène;;SoHo;
La Taqueria;;Park Slope;
La Taza de Oro;;Chelsea;
La Vineria;737 Ninth Ave btwn 49th and 50th Sts;Midtown West;50th Ave
La Zarza;166 First Ave btwn 10th and 11th Sts;East Village;166 First Ave btwn 10th and 11th Sts
Lan;56 Third Ave btwn 10th and 11th Sts;East Village;56 Third Ave btwn 10th and 11th Sts
Land Thai Kitchen;450 Amsterdam Ave at 82nd St;Upper West Side;450 Amsterdam Ave
Landmarc at the Time Warner Center;;Midtown West;
Landmark Tavern;626 Eleventh Ave at 46th St;Midtown West;626 11th Ave
Las Chicas Locas;;Chelsea;
Las Ramblas;170 W 4th St btwn Jones and Cornelia Sts;Greenwich Village;170 W 4th St btwn Jones and Cornelia Sts
Lassi;28 Greenwich Ave at Charles St;Greenwich Village;28 Greenwich Ave
Lavagna;545 E 5th St btwn Aves A and B;East Village;545 E 5th St btwn Aves A and B
Lazzara's Pizza Cafe;221 W 38th St near 7th Ave;Midtown West;221 W 38th St #7th
Le Bateau Ivre;;Midtown East;
Le Bernardin;;Midtown West;
Le Bilboquet;;Upper East Side;
Le Charlot;19 E 69th St btwn Madison and Park Aves;Upper East Side;19 E 69th St btwn Madison and Park Aves
Le Cirque;151 E 58th St btwn Lexington and Third...;Midtown East;151 E 58th St
Le Colonial;149 E 57th St btwn Lexington and 3rd...;Midtown East;149 E 57th St btwn Lexington and 3rd...
Le Gigot;18 Cornelia St btwn Bleecker and W 4th...;Greenwich Village;18-20 Cornelia St
Le Lupanar;103 Essex St at Delancey St;Lower East Side;103 Essex St
Le Marais;150 West 46th St btwn 6th and 7th Aves;Midtown West;150 W 46th St 6th floor
Le Miu;107 Ave A btwn 6th and 7th Sts;East Village;107 Ave A btwn 6th and 7th Sts
Le Miu (CLOSED);;East Village;
Le Monde;2885 Broadway btwn 112th and 113th Sts;Upper West Side;2885 Broadway
Le Pain Quotidien;50 W 72nd St btwn Central Park West and...;Upper West Side;50 W 72nd St btwn Central Park West and...
Le Pain Quotidien;50 W 72nd St btwn Central Park West and...;SoHo;50 W 72nd St btwn Central Park West and...
Le Pain Quotidien;50 W 72nd St btwn Central Park West and...;Upper East Side;50 W 72nd St btwn Central Park West and...
Le Pere Pinard;175 Ludlow St btwn Houston and Stanton...;Lower East Side;175 Ludlow St btwn Houston and Stanton...
Le Perigord;405 E 52d St btwn 1st Ave and Sutton Pl;Midtown East;1st Avenue
Le Refuge;;Upper East Side;
Le Singe Vert;;Chelsea;
Le Souk;;East Village;
Le Tableau (CLOSED);511 E 5th St btwn Aves A and B;East Village;511 E 5th St btwn Aves A and B
Le Veau d'Or;129 E 60th St btwn Park and Lexington...;Upper East Side;129 E 60th St btwn Park and Lexington...
Le Zie 2000;172 Seventh Ave btwn 20th and 21st Sts;Chelsea;172 Seventh Ave btwn 20th and 21st Sts
Leela Lounge;;Greenwich Village;
Les Enfants Terribles;37 Canal St at Ludlow St;Lower East Side;37 Canal St
Levain Bakery;;Upper West Side;
Levana;;Upper West Side;
Lever House;;Midtown East;
Life Cafe;;East Village;
Lil' Frankie's Pizza;;East Village;
Lili's Noodle Shop and Grill;;Midtown West;
Lili's Noodle Shop and Grill;;Upper East Side;
Lima's Taste (CLOSED);;Greenwich Village;
Lime Leaf;;Upper West Side;
Lisca;;Upper West Side;
Little D Eatery;434 7th Ave btwn 14th and 15th Sts;Park Slope;434 7th Ave
Little Giant;85 Orchard St at Broome St;Lower East Side;85 Orchard St
Lola;15 Watts St btwn Thompson St and West...;SoHo;Thompson St
Lollipop;27 E 61st St btwn Madison and Park Aves;Midtown East;27 E 61st St btwn Madison and Park Aves
Lomito (CLOSED);;SoHo;
Long Tan;;Park Slope;
Lookout Hill Smokehouse (CLOSED);;Park Slope;
Loreley;7 Rivington St btwn Bowery and Chrystie...;Lower East Side;7 Rivington St
Los Pollitos II;;Park Slope;
LuLu;235 Mulberry Street at Spring St;SoHo;235 Mulberry St
Lucien;14 First Ave btwn 1st and 2nd Sts;East Village;2nd Ave
Lucky Cheng's;24 First Ave at E 2nd St;East Village;24 1st Avenue
Lucky Strike;;SoHo;
Lucky's Famous;;Midtown West;
Lugo Caffe;;Midtown West;
Luke's Bar and Grill;;Upper East Side;
Lumi;963 Lexington Ave at 70th St;Upper East Side;963 Lexington Ave
Lupa;;Greenwich Village;
Lupe's East L.A. Kitchen;110 Sixth Ave at Watts St;SoHo;110 6th Ave
Lure Fishbar;;SoHo;
Lusardi's;1494 Second Ave at 78th St;Upper East Side;1494 2nd Ave
Luscious Food;59 Fifth Ave btwn Bergen St and St...;Park Slope;59 5th Ave
Lusso;;SoHo;
Luxee;;Lower East Side;
Luzia's;429 Amsterdam Ave btwn 80th and 81st Sts;Upper West Side;412 Amsterdam Ave
Luzzo's;211-213 First Ave at 13th St;East Village;211-213 First Ave at 13th St
Macaron;16 W 36 St btwn Broadway and 7th Aves;Midtown West;16 W 36 St btwn Broadway and 7th Aves
Macondo;157 E Houston St btwn Eldridge and...;Lower East Side;157 E Houston St
Madaleine Mae (CLOSED);461 Columbus Ave at 82nd St;Upper West Side;461 Columbus Ave
Madison and Vine;299 Madison Ave at 41st St;Midtown East;299 Madison Ave
Maia;98 Ave B btwn 6th and 7th Sts;East Village;98 Ave B btwn 6th and 7th Sts
Maison;1700 Broadway btwn 53rd and 54th Sts;Midtown West;1700 Broadway
Malatesta Trattoria;;Greenwich Village;
Maloney and Porcelli;;Midtown East;
Mama Mexico;;Midtown East;
Mama Mexico;;Upper West Side;
Mama's Food Shop;200 E 3rd St btwn Aves A and B;East Village;200 E 3rd St btwn Aves A and B
Mamlouk;;East Village;
Mamoun's Falafel;;Greenwich Village;
Mamoun's Falafel;;East Village;
Mandoo Bar;2 W 32nd St btwn Fifth Ave and Broadway;Midtown West;17 W 32nd St
Mangia e Bevi;800 Ninth Ave at 53rd St;Midtown West;800 9th Ave
Mangiarini;;Upper East Side;
Manhattan Bistro;129 Spring St btwn Greene and Wooster...;SoHo;129 Spring St btwn Greene and Wooster...
Mara's Homemade;342 E 6th St btwn First and Second Aves;East Village;342 E 6th St
Maracas Mexican Bar and Grill;33 Greenwich Ave btwn Sixth and Seventh...;Greenwich Village;33 Greenwich Ave
Mare;;Chelsea;
Marfa;;East Village;
Margon;136 W 46th St btwn Sixth and Seventh...;Midtown West;136 W 46th St
Maria's Mexican Bistro;669 Union St btwn Fourth and Fifth Aves...;Park Slope;5th Ave
Marinella;49 Carmine St at Bedford St;Greenwich Village;Centric
Marion's Continental Restaurant and Lounge (CLOSED);354 Bowery btwn Great Jones and E 4th...;East Village;Great Jones St
Market Cafe;496 Ninth Ave btwn 37th and 38th Sts;Midtown West;496 Ninth Ave btwn 37th and 38th Sts
Market Table;54 Carmine St at Bedford St;Greenwich Village;54 Carmine St
Markt;;Chelsea;
Maroons;244 W 16th St btwn Seventh and Eighth...;Chelsea;244 W 16th St btwn Seventh and Eighth...
Maroons (CLOSED);;Chelsea;
Marseille;;Midtown West;
Maruzzella;;Upper East Side;
Mary's Fish Camp;64 Charles St at 4th St;Greenwich Village;64 Charles St #4th
Mas (Farmhouse);;Greenwich Village;
Masa;10 Columbus Circle at 60th St;Midtown West;10 Columbus Cir
Matador;57 Greenwich Ave btwn Perry and Charles...;Greenwich Village;57 Greenwich Ave btwn Perry and Charles...
Matador (CLOSED);;Greenwich Village;
Match 65;29 E 65th St btwn Madison and Park Aves;Upper East Side;29 E 65th St
Matilda;647 E 11th St btwn Aves B and C;East Village;647 E 11th St
Matsuri;369 W 16th St btwn 8th and 9th Aves;Chelsea;369 W 16th St
Max;;East Village;
Maya;1191 First Ave btwn 64th and 65th Sts;Upper East Side;1191 First Ave btwn 64th and 65th Sts
Maz Mezcal;316 E 86th St btwn First and Second A;Upper East Side;444 East 86th St
Maze;;Midtown West;
McCormick and Schmick's;1285 Sixth Ave at 51st St;Midtown West;1285 6th Ave
Medina;;Chelsea;
Megu Midtown;845 United Nations Plaza at E 47th St;Midtown East;845 United Nations Plaza
Mekong (CLOSED);16 King St at Sixth Ave;SoHo;18 King St
Melt;440 Bergen St btwn Flatbush and Fifth...;Park Slope;440 Bergen St
Men Kui Tei;60 W 56th St btwn 5th and 6th Aves;Midtown East;6th Ave
Men Kui Tei;60 W 56th St btwn 5th and 6th Aves;East Village;6th Ave
Mercadito;;East Village;
Mercadito Cantina;172 Ave B btwn 10th and 11th Sts;East Village;172 Ave B btwn 10th and 11th Sts
Mercadito Grove;100 Seventh Ave So at Grove St;Greenwich Village;100 7th Ave S
Mercat;45 Bond St btwn Lafayette St and Bowery;East Village;45 Bond St btwn Lafayette St and Bowery
Mercer Kitchen;147 Mercer St at Mercer St;SoHo;147 Mercer St
Meskel;199 E 3rd St btwn Aves A and B;East Village;199 E 3rd St
Metisse;239 W 105th St btwn Amsterdam Ave and...;Upper West Side;239 W 105th St
Metrazur;404 Grand Central Terminal at Park Ave;Midtown East;89 E 42nd St
Metro Marche;;Midtown West;
Metsovo (CLOSED);65 W 70th St at Columbus Ave;Upper West Side;65 W 70th St
Mexicana Mama;;Greenwich Village;
Mezzaluna;;Upper East Side;
Mezzogiorno;;SoHo;
Mi Cocina;57 Jane St at Hudson St;Greenwich Village;57 Jane St #5131
Mia Dona;;Midtown East;
Michael Jordan's the Steakhouse N.Y.C.;23 Vanderbilt Ave at 42nd St;Midtown East;23 Vanderbilt Ave
Michael's;24 West 55th St btwn 5th and 6th Aves;Midtown West;6th Ave
Minca;536 E 5th St btwn Aves A and B;East Village;536 E 5th St
Minetta Tavern;;Greenwich Village;
Mingala Burmese;;Upper East Side;
Mint;150 E 50th St btwn Lexington and Third...;Midtown East;150 East 50th Street Between lexington &
Miracle Grill;222 Seventh Ave at 3rd St;Park Slope;222 Seventh Ave at 3rd St
Miracle Grill;222 Seventh Ave at 3rd St;Greenwich Village;222 Seventh Ave at 3rd St
Miriam;79 5th Ave at Prospect Place;Park Slope;Albert and Vera List Academic Center
Mishima;164 Lexington Ave btwn 30th and 31st Sts;Midtown East;164 Lexington Ave btwn 30th and 31st Sts
Miss Mamie's Spoonbread Too;366 W 110th St btwn Manhattan and...;Upper West Side;366 W 110th St
Miss Saigon (CLOSED);1425 Third Ave btwn 80th and 81st Sts;Upper East Side;1425 Third Ave btwn 80th and 81st Sts
Miyagi;220 W 13th St btwn Seventh and...;Greenwich Village;220 W 13th St
Moim;;Park Slope;
Molyvos;;Midtown West;
Momofuku Bakery and Milk Bar;;East Village;
Momofuku Ko;;East Village;
Momofuku Noodle Bar;163 1st Ave btwn 10th and 11th Sts;East Village;163 1st Ave btwn 10th and 11th Sts
Momofuku Ssam Bar;207 2nd Ave at E 13th St.;East Village;207 2nd Ave
Momoya;187 7th Ave at 21st St;Chelsea;187 7th Ave
Monte's Trattoria;97 MacDougal St btwn W 3rd and Bleecker...;Greenwich Village;97 MacDougal St
Montebello;120 E 56th St btwn Park and Lexington...;Midtown East;120 E 56th St Ste #610
Montparnasse;;Midtown East;
Mooncake Foods;28 Watts St btwn Sixth Ave and Thompson...;SoHo;28 Watts St btwn Sixth Ave and Thompson...
Moran's Chelsea;146 Tenth Ave at 19th St;Chelsea;146 Amsterdam Ave
Morandi;;Greenwich Village;
Morimoto;;Chelsea;
Morrell Wine Bar and Cafe;1 Rockefeller Plaza btwn 5th and 6th...;Midtown West;1 Rockefeller Plaza 48Th and
Morton's of Chicago;551 Fifth Ave at 45th St;Midtown West;551 5th Ave
Moustache;265 E 10th St btwn First Ave and Ave A;East Village;265 E 10th St btwn First Ave and Ave A
Moustache;265 E 10th St btwn First Ave and Ave A;Greenwich Village;265 E 10th St btwn First Ave and Ave A
Moutarde;239 Fifth Ave at Carroll St;Park Slope;239 Fifth Ave at Carroll St
Mr Jones;;East Village;
Mr. Chow;;Midtown East;
Mr. Falafel;;Park Slope;
Mr. K's;;Midtown East;
Mr. Skewer and Company;;Greenwich Village;
My Befana (CLOSED);116 West Houston St btwn Sullivan and...;SoHo;116 W Houston St
Naima;;Chelsea;
Naka Naka;;Chelsea;
Nana;;Park Slope;
Naples 45;;Midtown East;
Natsumi;226 W 50th St btwn 8th Ave and Broadway;Midtown West;226 W 50th St
Naya Mezze and Grill;1057 Second Ave btwn 55th and 56th St;Midtown East;1057 Second Ave btwn 55th and 56th St
Negril;362 W 23rd St btwn Eighth and Ninth Aves;Chelsea;362 W 23rd St
Negril Village;70 W 3rd St btwn La Guardia Pl and...;Greenwich Village;Queens
Nello;;Upper East Side;
Neo Sushi;;Upper West Side;
Nice Matin;;Upper West Side;
Nick and Stef's Steakhouse;9 Penn Plaza at 33rd St;Midtown West;9 Pennsylvania Plaza
Nick and Toni's;;Upper West Side;
Nick's Pizza;1814 Second Ave at 94st St;Upper East Side;1814 2nd Ave
Nicky's Vietnamese Sandwiches;150 E 2nd St btwn Aves A and B;East Village;150 E 2nd St btwn Aves A and B
Nino's;1354 First Ave btwn 72nd and 73rd Sts;Upper East Side;1354 First Ave btwn 72nd and 73rd Sts
Nino's 208;208 E 58th St btwn Second and Third Aves;Midtown East;208 E 58th St btwn Second and Third Aves
Nino's Bellissima Pizza;;Midtown East;
Nino's Positano (CLOSED);;Midtown East;
Nino's Tuscany;;Midtown West;
Nippon;;Midtown East;
Nizza;;Midtown West;
NoNO Kitchen;;Park Slope;
Noah's Ark;;Lower East Side;
Nobu 57;;Midtown West;
Noche Mexicana;852 Amsterdam Ave btwn 101st and 102nd...;Upper West Side;852 Amsterdam Ave
Nomad;78 Second Ave btwn 4th and 5th Sts;East Village;5th Ave
Nonna;;Upper West Side;
Noodle Bar;172 Orchard St at Stanton St;Lower East Side;172 Orchard St
Noodle Bar;172 Orchard St at Stanton St;Greenwich Village;172 Orchard St
Nook;;Midtown West;
Norma's;;Midtown West;
Notaro;;Midtown East;
Nougatine;;Midtown West;
Novecento;343 W Broadway btwn Broome and Grand Sts;SoHo;343 W Broadway btwn Broome and Grand Sts
Novo (CLOSED);290 Hudson St btwn Dominick and Spring...;SoHo;246 Spring St
O.G.;;East Village;
Obika;;Midtown East;
Ocean Grill;384 Columbus Ave btwn 78th and 79th Sts;Upper West Side;384 Columbus Ave btwn 78th and 79th Sts
Oceana;;Midtown East;
Old Devil Moon;511 E 12th St btwn Aves A and B;East Village;511 E 12th St
Old Devil Moon (CLOSED);;East Village;
Old San Juan;;Midtown West;
Oliva;161 E Houston St at Allen St;Lower East Side;161 E Houston St
Olive Vine Cafe;;Park Slope;
Omai;;Chelsea;
Omen;;SoHo;
Omido;;Midtown West;
Oms/b;156 E 45th St btwn Lexington and Third...;Midtown East;156 E 45th St
One If By Land, Two If By Sea;;Greenwich Village;
Orsay;;Upper East Side;
Orso;322 W 46th St btwn Eighth and Ninth Aves;Midtown West;322 W 46th St btwn Eighth and Ninth Aves
Osteria Gelsi;;Midtown West;
Osteria Laguna;;Midtown East;
Osteria Serafina;38 E 58th St btwn Park and Madison Aves;Midtown East;38 E 58th St
Osteria al Doge;;Midtown West;
Osteria del Circo;;Midtown West;
Ostia;;Greenwich Village;
Otafuku;;East Village;
Otto Enoteca Pizzeria;;Greenwich Village;
Ouest;;Upper West Side;
Ozu;566 Amsterdam Ave btwn 87th and 88th Sts;Upper West Side;566 Amsterdam Avenue Ave Bet 87st and
P*Ong;;Greenwich Village;
PDT;113 St Marks Pl btwn First Ave and Ave A;East Village;113 St Marks Pl
PJ Clarke's;;Midtown East;
PJ Clarkes at Lincoln Square;;Upper West Side;
Padre Figlio;;Midtown East;
Paladar;161 Ludlow St btwn Houston and Stanton...;Lower East Side;161 Ludlow St btwn Houston and Stanton...
Palm Court;1 Central Park South;Midtown East;1 Central Park S
Palm Court (CLOSED);;Midtown East;
Palma;;Greenwich Village;
Palo Santo;;Park Slope;
Pam Real Thai Food;404 W 49th St btwn Ninth and Tenth Aves;Midtown West;540 W 49th St
Pampano;;Midtown East;
Pampano Taqueria;805 Third Ave btwn 49th and 50th Sts;Midtown East;805 Third Ave btwn 49th and 50th Sts
Panca;;East Village;
Panificio (CLOSED);175 Ave B at E 11th St;East Village;175 Ave B at E 11th St
Paola's;245 E 84th St btwn Second and Third Aves;Upper East Side;245 E 84th St
Papatzul;;SoHo;
Papillon Bistro;22 E 54th St btwn 5th and Madison Aves;Midtown East;22 E 54th St
Paradiso;;East Village;
Paris Commune;99 Bank St at Greenwich St;Greenwich Village;99 Bank St at Greenwich St
Park Avenue Autumn;100 E 63rd St at Park Ave;Upper East Side;100 E 63rd St
Park Blue;;Midtown West;
Parlor Steakhouse;;Upper East Side;
Parma;;Upper East Side;
Pasha;70 W 71st St btwn Central Park West and...;Upper West Side;31 W 71st St
Pasita;;Greenwich Village;
Pata Negra;345 East 12th St btwn 1st and 2nd Aves;East Village;345 East 12th St btwn 1st and 2nd Aves
Patisserie des Ambassades;161 W 22nd St btwn Sixth and Seventh...;Chelsea;161 W 22nd St
Patsy's Italian Restaurant;;Midtown West;
Patsy's Pizzeria;;Upper East Side;
Patsy's Pizzeria;;Greenwich Village;
Patsy's Pizzeria;;Midtown East;
Patsy's Pizzeria;;Upper West Side;
Payard Patisserie and Bistro;1032 Lexington Ave btwn 73rd and 74th...;Upper East Side;1032 Lexington Ave
Peacock Alley;301 Park Ave at 49th St;Midtown East;301 Park Ave
Peanut Butter and Co.;240 Sullivan St btwn Bleecker and W 3rd...;Greenwich Village;240 Sullivan St
Pearl Oyster Bar;18 Cornelia St btwn Bleecker and W 4th...;Greenwich Village;18-20 Cornelia St
Peep;;SoHo;
Pegu Club;77 W Houston St btwn W Broadway and...;SoHo;77 W Houston St
Pepe Rosso to Go;;SoHo;
Peperoncino;72 Fifth Ave at St Marks Pl;Park Slope;72 Fifth Ave at St Marks Pl
Per Lei;;Upper East Side;
Pera Mediterranean Brasserie;;Midtown East;
Perbacco;234 E 4th St btwn Aves A and B;East Village;234 E 4th St btwn Aves A and B
Perch;;Park Slope;
Peri Ela;;Upper East Side;
Perilla;9 Jones St btwn Bleecker and W 4th Sts;Greenwich Village;9 Jones St btwn Bleecker and W 4th Sts
Perry Street;176 Perry St at West Side Highway;Greenwich Village;176 Perry St
Persephone;115 E 60th St btwn Park and Lexington...;Upper East Side;115 E 60th St
Persepolis;1407 Second Ave btwn 73rd and 74th Sts;Upper East Side;1407 Second Ave btwn 73rd and 74th Sts
Pershing Square;;Midtown East;
Persimmon;277 E 10th St btwn 1st Ave and Ave A;East Village;277 E 10th St btwn 1st Ave and Ave A
Pescatore;;Midtown East;
PetalBelle;158 Sullivan Street corner of Houston St;SoHo;158 Sullivan St
Petite Abeille;466 Hudson St btwn Barrow and Grove Sts;Greenwich Village;466 Hudson St
Petite Abeille;466 Hudson St btwn Barrow and Grove Sts;Chelsea;466 Hudson St
Petrie Court Cafe and Wine Bar;;Upper East Side;
Petrossian;;Midtown West;
Philip Marie;569 Hudson St at 11th St;Greenwich Village;569 Hudson St
Philippe;35 E 60th St at Madison Ave;Upper East Side;35 E 60th St at Madison Ave
Philly Slim's Cheesesteaks;789 Ninth Ave btwn 52nd and 53rd Sts;Midtown West;789 Ninth Ave btwn 52nd and 53rd Sts
Phoenix Garden;242 E 40th St btwn Second and Third Aves;Midtown East;242 E 40th St
Piadina;57 W 10th St btwn Fifth and Sixth Aves;Greenwich Village;57 W 10th St
Piano Due;;Midtown West;
PicNic Market and Cafe;2665 Broadway btwn 101st and 102nd Sts;Upper East Side;230 W 101st St
Picasso;303 E 56th St btwn First and Second Aves;Midtown East;303 E 56th St
Piccolo Angelo;621 Hudson St btwn Jane and W 12th Sts;Greenwich Village;621 Hudson St btwn Jane and W 12th Sts
Picholine;;Upper West Side;
Pietrasanta;683 Ninth Ave at 47th St;Midtown West;683 9th Ave
Pietro's;242 E 43rd St btwn 2nd and 3rd Aves;Midtown East;225 East 43rd Street Between 2nd Ave &
Pig Heaven;;Upper East Side;
Pigalle;790 Eighth Ave at 48th St;Midtown West;790 8th Ave
Pinch and S'MAC;474 Columbus Ave btwn 82nd and 83rd Sts;Upper West Side;474 Columbus Ave btwn 82nd and 83rd Sts
Pinche Taqueria;;Greenwich Village;
Pink Pony;176 Ludlow St btwn Houston and Stanton...;Lower East Side;176 Ludlow St btwn Houston and Stanton...
Pio Maya (CLOSED);;Greenwich Village;
Pio Pio;1746 First Ave btwn 90th and 91st Sts;Upper East Side;E 91st St
Pio Pio Salon;702 Amsterdam at 94th St;Upper West Side;702 Amsterdam Ave
Piola;48 E 12th St btwn Broadway and...;East Village;48 E 12th St
Pizza Gruppo;186 Ave B btwn 11th and 12th Sts;East Village;186 Ave B btwn 11th and 12th Sts
Pizzeria de Santo (CLOSED);173 Ludlow St btwn Houston and Stanton...;Lower East Side;173 Ludlow St btwn Houston and Stanton...
Planethailand 212;;Chelsea;
Po;31 Cornelia St btwn Bleecker and W 4th...;Greenwich Village;31 Cornelia St
Pomaire;371 W 46th St btwn 8th and 9th Aves;Midtown West;371 W 46th St
Pop Burger;14 E 58th St btwn Madison and 5th Aves;Midtown East;42 E 58th St
Porchetta;110 E 7th St btwn 1st Ave and Ave A;East Village;110 E 7th St btwn 1st Ave and Ave A
Porter House New York;10 Columbus Circle at 59th St;Midtown West;10 Columbus Circle at 59th St
Pre:Post;547 W 27th St btwn 10th and 11th Aves;Chelsea;547 W 27th St #300
Prem-on Thai;;Greenwich Village;
Primo Atto;;Park Slope;
Prune;;East Village;
Public House;140 E 41st St btwn Lexington and Third...;Midtown East;140 E 41st St
Pukk;71 First Ave btwn 4th and 5th Sts;East Village;5th Ave
Purnima;75 Ninth Ave btwn 15th and 16th Sts;Chelsea;75 Ninth Ave btwn 15th and 16th Sts
Puttanesca;859 Ninth Ave at 56th St;Midtown West;859 9th Ave
Pylos;128 E 7th St btwn Ave A and 1st Ave;East Village;128 E 7th St
Pyramida;401 E 78th St at First Ave;Upper East Side;401 E 78th St at First Ave
Quality Meats;57 W 58th St btwn 5th and 6th Aves;Midtown West;6th Ave
Quatorze Bis;;Upper East Side;
Queen of Sheba;;Midtown West;
Quintessence (CLOSED);;East Village;
R.U.B.;208 W 23rd St btwn Seventh and Eighth...;Chelsea;208 W 23rd St
Rack and Soul;2818 Broadway at 109th St;Upper West Side;2818 Broadway
Radio Perfecto;190 Ave B btwn 11th and 12th Sts;East Village;190 Ave B btwn 11th and 12th Sts
Rai Rai Ken;214 E 10th St btwn First and Second Aves;East Village;214 E 10th St
Rainbow Room;;Midtown West;
Rainbow Room (CLOSED);30 Rockefeller Plaza;Midtown West;30 Rockefeller Plaza
Rainbow Room Grill;30 Rockefeller Plaza;Midtown West;30 Rockefeller Plaza
Rainbow Room Grill (CLOSED);;Midtown West;
Ramen Setagaya;141 First Ave btwn 9th St and St Marks...;East Village;141 First Ave btwn 9th St and St Marks...
Raoul's;180 Prince St btwn Sullivan and...;SoHo;180 Prince St
Rare Bar and Grill;;Greenwich Village;
Ravagh Persian Grill;;Upper East Side;
Rayuela;;Lower East Side;
Re Sette;;Midtown West;
Rectangles;;Upper East Side;
Red Bamboo;140 W 4th St btwn MacDougal St and...;Greenwich Village;140 West 4th Street
Redeye Grill;;Midtown West;
Regional;2607 Broadway btwn 98th and 99th Sts;Upper West Side;2607 Broadway
Remi;;Midtown West;
Restaurant Ichimura;1026 Second Ave btwn 54th and 55th Sts;Midtown East;W 55th St
Restaurant Seo;;Midtown East;
Resto Leon;351 E 12th St btwn First and Second Aves;East Village;351 E 12th St btwn First and Second Aves
Retsina;;Midtown East;
Rhong Tiam;541 LaGuardia Pl btwn W 3rd and...;Greenwich Village;541 LaGuardia Pl btwn W 3rd and...
Riingo;;Midtown East;
Risotteria;270 Bleecker St at Morton St;Greenwich Village;270 Bleecker St
Ritz Asia;;Greenwich Village;
Robert's Steakhouse;;Midtown West;
Roberto Passon;741 9th Ave at 50th St;Midtown West;741 9th Ave
Rocco's;;Greenwich Village;
Rock Center Cafe;;Midtown West;
Rocking Horse Cafe;;Chelsea;
Roots and Vines;;Lower East Side;
Rosa Mexicano First Avenue;1063 1st Ave at 58h St;Midtown East;1063 1st Avenue
Rosa Mexicano Lincoln Center;61 Columbus Ave at 62nd St;Upper West Side;61 Columbus Ave
Rose Club;;Midtown West;
Rose Water;787 Union St at 6th Ave;Park Slope;787 Union St at 6th Ave
Rothmann's Steakhouse and Grill;;Midtown East;
Rouge Tomate;10 E 60th St btwn Madison and 5th Aves;Midtown East;14 E 60th St
Ruby Foo's;1626 Broadway at 49th St;Midtown West;1626 Broadway
Ruby Foo's (CLOSED);2182 Broadway at 77th St;Upper West Side;2182 Broadway
Rue 57;60 W 57th St at Sixth Ave;Midtown West;60 W 57th St
Russian Samovar;256 W 52nd St btwn Broadway and Eighth...;Midtown West;256 W 52nd St
Rusty Knot;425 West St at 11th St;Greenwich Village;W 11th St
S'Mac;345 E 12th St btwn First and Second Aves;East Village;345 E 12th St btwn First and Second Aves
Sachiko's on Clinton;25 Clinton St btwn Houston and Stanton...;Lower East Side;25 Clinton St btwn Houston and Stanton...
Sacred Chow;;Greenwich Village;
Safran;88 Seventh Ave btwn 15th and 16th Sts;Chelsea;88 Seventh Ave btwn 15th and 16th Sts
Sahara East;184 First Ave btwn 11th and 12th Sts;East Village;184 First Ave btwn 11th and 12th Sts
Saigon 48;;Midtown West;
Saigon Grill;620 Amsterdam Ave at 90th St;Upper West Side;620 Amsterdam Ave
Saigon Grill;620 Amsterdam Ave at 90th St;Greenwich Village;620 Amsterdam Ave
Saju;120 W 44th St btwn Sixth Ave and...;Midtown West;120 W 44th St
Sakae Sushi;135 W 3rd St btwn Sixth Ave and...;Greenwich Village;135 W 3rd St btwn Sixth Ave and...
Sakae Sushi (CLOSED);405 Lexington Ave btwn 42nd and 43rd Sts;Midtown East;405 Lexington Avenue
Sakagura;211 E 43rd St btwn 2nd and 3rd Aves;Midtown East;3rd Ave
Sake Hana;466 Amsterdam Ave btwn 82nd and 83rd Sts;Upper West Side;466 Amsterdam Ave btwn 82nd and 83rd Sts
Sakura Cafe;388 Fifth Ave btwn 6th and 7th Sts;Park Slope;388 Fifth Ave btwn 6th and 7th Sts
Sala;;East Village;
Salmon River;3 E 40th St btwn Fifth and Madison Aves;Midtown East;3 E 40th St
Salsa y Salsa;206 Seventh Ave btwn 21st and 22nd Sts;Chelsea;206 Seventh Ave btwn 21st and 22nd Sts
Salt;58 MacDougal St btwn Houston and Prince...;SoHo;58 MacDougal St btwn Houston and Prince...
Salt Bar;29A Clinton St btwn Houston and Stanton...;Lower East Side;29A Clinton St btwn Houston and Stanton...
Salumeria Rosi;;Upper West Side;
Sammy's Roumanian Steakhouse;157 Chrystie St;Lower East Side;157 Chrystie St
San Marzano;;Lower East Side;
San Pietro;18 E 54th St btwn Fifth and Madison Aves;Midtown East;18 E 54th St
Sanctuary Tea;;SoHo;
Sandro's;;Upper East Side;
Sangria 46;;Midtown West;
Sant Ambroeus;259 W 4th St at Perry St;Greenwich Village;259 West 4th Street
Sant Ambroeus;259 W 4th St at Perry St;Upper East Side;259 West 4th Street
Sapa;;Chelsea;
Sapa (CLOSED);;Chelsea;
Sapphire;;Upper West Side;
Sarabeth's;423 Amsterdam Ave btwn 80th and 81st Sts;Upper West Side;E 81st St
Sarabeth's;423 Amsterdam Ave btwn 80th and 81st Sts;Upper East Side;E 81st St
Sarabeth's Central Park South;40 Central Park So btwn Fifth and Sixth...;Midtown West;New York
Sardi's;;Midtown West;
Sarge's Deli;;Midtown East;
Sasabune;;Upper East Side;
Satsko;;Lower East Side;
Saucy;1409 York Ave;Upper East Side;1409 York Ave
Savann;;Upper West Side;
Savore;;SoHo;
Savoy;70 Prince St btwn Broadway and Crosby St;SoHo;70 Prince St
Scalinatella;201 E 61st St btwn Second and Third Aves;Upper East Side;201 E 61st St
Scarlatto;;Midtown West;
Schiller's Liquor Bar;131 Rivington St at Norfolk St;Lower East Side;131 Rivington St
Schnipper's Quality Kitchen;;Midtown West;
Seasonal;132 W 58th St btwn 6th & 7th Aves;Midtown West;132 W 58th St
Sel et Poivre;853 Lexington Ave btwn 64th and 65th Sts;Upper East Side;853 Lexington Avenue between 64th and
Seoul Station;81 St Marks Pl btwn 1st and 2nd Aves;East Village;81 St Marks Pl btwn 1st and 2nd Aves
Seppi's;;Midtown West;
Serafina Broadway;;Midtown West;
Serafina Fabulous Grill;29 E 61st St btwn Park and Madison Aves;Upper East Side;29 E 61st St
Serafina Fabulous Pizza;1022 Madison Ave at 79th St;Upper East Side;1022 Madison Ave
Serafina Lafayette;;East Village;
Serendipity 3;225 E 60th St btwn Second and Third Aves;Upper East Side;225 E 60th St
Setacci;420 Hudson St at Leroy St;Greenwich Village;420 Hudson St
Sette Enoteca e Cucina;207 7th Ave at 3rd St;Park Slope;207 7th Ave at 3rd St
Sette Mezzo;969 Lexington Ave btwn 70th and 71st Sts;Upper East Side;969 Lexington Ave btwn 70th and 71st Sts
Seven;350 Seventh Ave btwn 29th and 30th Sts;Chelsea;350 Seventh Ave btwn 29th and 30th Sts
Sevilla;62 Charles St at W 4th St;Greenwich Village;62 Charles St
Sfoglia;1402 Lexington Ave at 92nd St;Upper East Side;1402 Lexington Ave
Shabu-Shabu 70;;Upper East Side;
Shaburi;125 E 39th St btwn Park and Lexington...;Midtown East;125 E 39th St
Shaffer City Oyster Bar and Grill;5 W 21st St btwn Fifth and Sixth Aves;Chelsea;7 W 21st St
Shake Shack;;Upper West Side;
Shalizar;1420 Third Ave btwn 80th and 81st Sts;Upper East Side;E 81st St
Shang;187 Orchard St btwn Stanton and Houston...;Lower East Side;187 Orchard St
Shanghai Mong;;Midtown West;
Shanghai Pavilion;1378 Third Ave btwn 78th and 79th Sts;Upper East Side;1378 Third Ave btwn 78th and 79th Sts
Sheep Station;149 4th Ave at Douglass St;Park Slope;149 4th Ave
Shelly's New York;;Midtown West;
Shimizu;;Midtown West;
Shopsin's;;Lower East Side;
Shorty's;576 Ninth Ave at 41st St;Midtown West;576 9th Ave
Shorty's.32;;SoHo;
Shula's;;Midtown West;
Shun Lee Cafe;43 W 65th St btwn Central Park West and...;Upper West Side;43 W 65th St
Shun Lee Palace;;Midtown East;
Shun Lee West;43 W 65th St btwn Central Park West and...;Upper West Side;43 W 65th St
Sidecar;560 Fifth Ave btwn 15th and 16th Sts;Park Slope;560 Fifth Ave btwn 15th and 16th Sts
Sidecar at P.J. Clarke's;;Midtown East;
Sigiri;91 First Ave btwn 5th and 6th Sts;East Village;6th Ave
Silverleaf Tavern;70 Park Ave at 38th St;Midtown East;70 Park Ave
Simon Sips;;East Village;
Singas Famous Pizza;;East Village;
Sip Sak;928 Second Ave btwn 49th and 50th Sts;Midtown East;50th Ave
Sistina;1555 Second Ave btwn 80th and 81st Sts;Upper East Side;1555 Second Ave btwn 80th and 81st Sts
Slice;1413 Second Ave btwn 73rd and 74th Sts;Upper East Side;1413 Second Ave btwn 73rd and 74th Sts
Slurp;84 Stanton St at Orchard St;Lower East Side;84 Stanton St
Smith and Wollensky;797 Third Ave at 49th St;Midtown East;797 3rd Ave
Smith's;79 MacDougal St btwn Bleecker and W...;Greenwich Village;79 MacDougal St
Smokin' Q;;Upper East Side;
Smokin' Q (CLOSED);;Upper East Side;
Smorgas Chef;;Midtown East;
Smorgas Chef;;Greenwich Village;
Snack;;SoHo;
Snack Taverna;;Greenwich Village;
Soba Totto;;Midtown East;
SobaKoh;;East Village;
Sobaya;229 E 9th St btwn Second and Third Aves;East Village;60E W 9th St
Socarrat Paella Bar;259 W 19th St btwn Seventh and Eighth...;Chelsea;259 W 19th St
Socialista (CLOSED);505 West St at Jane St;Greenwich Village;505 W 19th St
Sofrito;400 E 57th St btwn First Ave and Sutton...;Midtown East;400 E 57th St
Solera;;Midtown East;
Solex;103 First Ave btwn 6th and 7th Sts;East Village;103 First Ave btwn 6th and 7th Sts
Solo;550 Madison Ave btwn 55th and 56th Sts;Midtown East;550 Madison Ave btwn 55th and 56th Sts
Song 7.2;;East Village;
Sonia Rose;;Lower East Side;
Sookk;;Upper West Side;
Sorella;;Lower East Side;
Sosa Borella;;Midtown West;
Soto;;Greenwich Village;
Sotto Voce;;Park Slope;
Souen;28 E 13th St btwn Fifth Ave and...;Greenwich Village;28 E 13th St
Souen;28 E 13th St btwn Fifth Ave and...;SoHo;28 E 13th St
Souen Ramen;;East Village;
Soul Fixins;371 W 34th St btwn Eighth and Ninth Aves;Midtown West;371 W 34th St
Soup Burg;1095 Lexington Ave at 77th St;Upper East Side;1095 Lexington Ave
Soup Burg (CLOSED);;Upper East Side;
South Gate;160 Central Park South btwn 6th and 7th...;Midtown West;160 Central Park S
Southern Hospitality;;Upper East Side;
Soy;;Lower East Side;
Spanky's BBQ;127 W 43rd St btwn Broadway and Sixth...;Midtown West;127 W 43rd St #2
Spanky's BBQ (CLOSED);;Midtown West;
Sparks Steak House;210 E 46th St btwn Second and Third Aves;Midtown East;210 E 46th St
Sparky's American Food;;East Village;
Spice;;Chelsea;
Spice;;Upper East Side;
Spice;;Greenwich Village;
Spiga;;Upper West Side;
Spigolo;;Upper East Side;
Spitzer's Corner;101 Rivington St at Ludlow St;Lower East Side;101 Rivington St
Spotlight Live;;Midtown West;
Spotlight Live (CLOSED);;Midtown West;
Spring Street Natural;62 Spring St at Lafayette St;SoHo;62 Spring St
Spunto;;Greenwich Village;
Square Meal;30 E 92nd St btwn 5th Ave and Madison...;Upper East Side;30 E 92nd St btwn 5th Ave and Madison...
Stage Deli;1481 Second Ave at 77th St;Upper East Side;1481 2nd Ave
Stage Deli;1481 Second Ave at 77th St;Midtown West;1481 2nd Ave
Staghorn Steakhouse;;Midtown West;
Stand;;Greenwich Village;
Steak Frites;;Greenwich Village;
Stone Park Cafe;;Park Slope;
Strip House;;Greenwich Village;
Suba;;Lower East Side;
Suba (CLOSED);;Lower East Side;
Suenos;;Chelsea;
Sugarcane;;Park Slope;
Sugiyama;;Midtown West;
Sumile Sushi;;Greenwich Village;
Supermac;;Chelsea;
Supper;156 E 2nd St btwn Aves A and B;East Village;156 E 2nd St
Surya;302 Bleecker St btwn Seventh Ave South...;Greenwich Village;302 Bleecker St
Sushi Ann;38 E 51st St btwn Madison and Park Aves;Midtown East;38 E 51st St
Sushi Hana;;Upper East Side;
Sushi Jun;;Midtown West;
Sushi Samba 7;87 Seventh Ave So at Barrow St;Greenwich Village;87 7th Ave S
Sushi Seki;1143 1st Ave btwn 62nd and 63rd Sts;Upper East Side;1143 1st Avenue
Sushi Yasuda;204 E 43rd St btwn 2nd and 3rd Aves;Midtown East;204 E 43rd St
Sushi Zen;;Midtown West;
Sushi of Gari;;Upper East Side;
Sushi of Gari 46;;Midtown West;
Sushiden;19 E 49th St btwn Fifth and Madison Aves;Midtown East;12 E 49th St
Sushiden;19 E 49th St btwn Fifth and Madison Aves;Midtown West;12 E 49th St
Sweet Emily's;;Midtown West;
Sweet and Lowdown;123 Allen St btwn Delancey and...;Lower East Side;123 Allen St
Sweetiepie;19 Greenwich Ave btwn W 10th and...;Greenwich Village;57 W 10th St
Swich;104 8th Ave btwn 15th and 16th Sts;Chelsea;104 8th Ave btwn 15th and 16th Sts
Swifty's;1007 Lexington Ave btwn 72nd and 73rd...;Upper East Side;1007 Lexington Ave btwn 72nd and 73rd...
Swizz Restaurant and Wine Bar;310 W 53rd St btwn Eighth and Ninth...;Midtown West;310 W 53rd St
Symposium;544 W 113th St btwn Amsterdam Ave and...;Upper West Side;544 W 113th St
Szechuan Gourmet;21 West 39th St btwn Fifth and Sixth Ave;Midtown West;21 W 39th St
T-Bar Steak and Lounge;;Upper East Side;
Taam Tov;41 W 47th St btwn Fifth and Sixth Aves;Midtown West;41 W 47th St
Taboon;773 10th Ave btwn 52nd and 53rd Sts;Midtown West;773 10th Ave btwn 52nd and 53rd Sts
Taco Taco;;Upper East Side;
Tagine Dining Gallery;537 Ninth Ave btwn 39th and 40th Sts;Midtown West;537 Ninth Ave btwn 39th and 40th Sts
Tahini;23 Third Ave at St Marks Pl;East Village;23 3rd Ave
Tailor;525 Broome St btwn Thompson and...;SoHo;525 Broome St
Taim;222 Waverly Pl btwn Perry and W 11th Sts;Greenwich Village;222 Waverly Pl
Takahachi;;East Village;
Taksim;99 Second Ave btwn 5th and 6th Sts;East Village;6th Ave
Talia's Steakhouse and Bar;;Upper West Side;
Tang Pavilion;;Midtown West;
Tanti Baci Caffe;;Greenwich Village;
Tao;;Midtown East;
Taralluccci e Vino;163 First Ave Corner of 10th St;East Village;163 First Ave Corner of 10th St
Taro Sushi;446 Dean St btwn Fifth and Flatbush...;Park Slope;446 Dean St btwn Fifth and Flatbush...
Tartine;253 W 11th St at 4th St;Greenwich Village;253 W 11th St at 4th St
Tasca (CLOSED);130 Seventh Avenue So at W 10th St;Greenwich Village;130 7th Ave S
Taste;;Upper East Side;
Tavern on Nostrand;813 Nostrand Ave btwn Union and...;Park Slope;813 Nostrand Ave
Tavern on the Green;Central Park West at 67th St;Upper West Side;Central Park West & W 67th St
Tea and Sympathy;108 Greenwich Ave near Jane St;Greenwich Village;108 Greenwich Ave
Teany;90 Rivington St btwn Ludlow and Orchard...;Lower East Side;90 Rivington St
Tebaya;;Chelsea;
Ted's Montana Grill;110 W 51st St btwn Sixth and Seventh...;Midtown West;110 W 51st St
Telepan;;Upper West Side;
Tello's;;Chelsea;
Tempo;;Park Slope;
Teodora;;Midtown East;
Terroir;413 E 12th St btwn First Ave and Ave A;East Village;413 E 12th St btwn First Ave and Ave A
Tet;83 Ave A btwn 5th and 6th Sts;East Village;6th Ave
Thai on Clinton;;Lower East Side;
Thalia;828 Eighth Ave at 50th St;Midtown West;308 W 50th St
The Capital Grille;155 E 42nd St btwn Lexington & 3rd Aves;Midtown East;155 E 42nd St
The Carlyle Restaurant;35 E 76th St at Madison Ave;Upper East Side;35 E 76th St
The Charles;234 W 4th St btwn W 10th and Charles Sts;Greenwich Village;234 W 4th St btwn W 10th and Charles Sts
The E.U.;235 E 4th St near Ave B;East Village;235 E 4th St
The E.U. (CLOSED);;East Village;
The Elephant;;East Village;
The Ethiopian Restaurant;;Upper East Side;
The Four Seasons;99 E 52nd St btwn Park and Lexington...;Midtown East;99 E 52nd St
The Great Burrito;405 Amsterdam Ave at 79th St;Upper West Side;405 Amsterdam Ave
The Green Table;75 Ninth Ave at 15th St;Chelsea;75 9th Ave
The Little Owl;90 Bedford St at Grove St;Greenwich Village;Apartment Building from the TV Show Friends
The Mercury Dime;246 E 5th St btwn Cooper Square and...;East Village;200 E 5th St
The Mermaid Inn;568 Amsterdam Ave btwn 87th and 88th Sts;Upper West Side;568 Amsterdam Ave btwn 87th and 88th Sts
The Mermaid Inn;568 Amsterdam Ave btwn 87th and 88th Sts;East Village;568 Amsterdam Ave btwn 87th and 88th Sts
The Modern;;Midtown West;
The Morgan Dining Room;;Midtown East;
The New French;;Greenwich Village;
The Noho Star;;East Village;
The Oak Room;;Midtown West;
The Orchard;162 Orchard St at Rivington St;Lower East Side;WASSAIL
The Organic Grill;123 First Ave btwn St Marks Pl and E...;East Village;123 1st Avenue
The Palm;;Midtown East;
The Palm Too;;Midtown East;
The Palm West Side;;Midtown West;
The Park;118 10th Ave at 18th St;Chelsea;New York
The Park Room;;Midtown West;
The Place;310 W 4th St btwn Bank and W 12th Sts;Greenwich Village;310 West 4th Street
The Pod Cafe;230 E 51st St btwn 2nd and 3rd Aves;Midtown East;3rd Ave
The Post House;28 E 63rd St btwn Madison and Park Aves;Upper East Side;28 E 63rd St
The Prime Grill;60 E 49th St btwn Madison and Park Aves;Midtown East;12 E 49th St
The Red Cat;227 10th Ave btwn 23rd and 24th Sts;Chelsea;227 10th Ave btwn 23rd and 24th Sts
The Redhead;349 E 13th St at First Ave;East Village;349 E 13th St
The Restaurant at The Jumeirah Essex House;160 Central Park South btwn 6th and 7th...;Midtown West;160 Central Park S
The Russian Tea Room;;Midtown West;
The Sea Grill;;Midtown West;
The Sheep Meadow Cafe;;Upper West Side;
The Smith;55 Third Ave btwn 10th and 11th Sts;East Village;55 Third Ave btwn 10th and 11th Sts
The Spotted Pig;314 W 11th St at Greenwich St;Greenwich Village;314 W 11th St
The Stanton Social;;Lower East Side;
The Sunburnt Cow;137 Ave C btwn 8th and 9th Sts;East Village;9th Ave
The Tasting Room Wine Bar and Cafe;72 East 1st Street Btwn First and...;East Village;72 E 1st St
The Twisted Burger (CLOSED);430 E 14th St btwn First Ave and Ave A;East Village;430 E 14th St btwn First Ave and Ave A
The West Branch;;Upper West Side;
Thor;107 Rivington St at Essex St;Lower East Side;107 Rivington St
Three of Cups;;East Village;
Tia Pol;205 10th Ave btwn 22nd and 23rd Sts;Chelsea;205 10th Ave btwn 22nd and 23rd Sts
Tides;102 Norfolk St at Delancey St;Lower East Side;The Back Room
Tiengarden;170 Allen St btwn Rivington and Stanton...;Lower East Side;170 Allen St
Tisserie;870 7th Ave btwn 55th and 56th Sts;Midtown West;870 7th Ave btwn 55th and 56th Sts
Tokyo Pop;;Upper West Side;
Tokyo Pop (CLOSED);;Upper West Side;
Toledo;6 E 36th St btwn Fifth and Madison Aves;Midtown East;6 E 36th St btwn Fifth and Madison Aves
Toloache;;Midtown West;
Tomoe Sushi;172 Thompson St btwn Bleecker and...;Greenwich Village;172 Thompson St
Tong Thai Brasserie;;East Village;
Tony's Di Napoli;;Midtown West;
Tony's Di Napoli;;Upper East Side;
Tori Shin;;Upper East Side;
Tout Va Bien;;Midtown West;
Town;15 W 56th St btwn 5th and 6th Aves;Midtown West;15 W 56th St
Trata Estiatorio;;Upper East Side;
Trattoria Dopo Teatro;125 W 44th St btwn Broadway and 6th Ave;Midtown West;125 W 44th St
Trattoria Spaghetto;;Greenwich Village;
Trattoria dell'Arte;;Midtown West;
Tre;173 Ludlow St btwn Stanton and Houston...;Lower East Side;173 Ludlow St btwn Stanton and Houston...
Tre Dici;;Chelsea;
Tre Dici Steak;128 W 26th St btwn Sixth and Seventh...;Chelsea;128 W 26th St
Tree;;East Village;
Trestle on Tenth;;Chelsea;
Triangolo;;Upper East Side;
Trio;167 E 33rd St btwn Lexington and Third...;Midtown East;167 E 33rd St
Triomphe;;Midtown West;
Tsampa;;East Village;
Tse Yang;34 E 51st St btwn Madison and Park Aves;Midtown East;34 E 51st St btwn Madison and Park Aves
Tsushima;141 E 47th St btwn Lexington and Third...;Midtown East;141 E 47th St
Tuck Shop;68 E 1st St btwn First and Second Aves;East Village;68 E 1st St btwn First and Second Aves
Turkuaz (CLOSED);2637 Broadway at 100th St;Upper West Side;2637 Broadway
Turquoise;;Upper East Side;
Udon West;;Midtown East;
Una Pizza Napoletana;;East Village;
Uncle Jack's Steakhouse;;Midtown West;
Uncle Nick's;;Chelsea;
Uncle Nick's Ouzaria;;Midtown West;
Upstairs at '21';;Midtown West;
Ushiwakamaru;136 W Houston St btwn MacDougal and...;Greenwich Village;136 W Houston St
Utsav;;Midtown West;
Uva;1486 Second Ave at 77th St;Upper East Side;1486 2nd Ave
Vai Restaurant and Wine Bar;225 W 77 St near Broadway;Upper East Side;225 W 77th St
Valbella;421 W 13th St btwn Ninth Ave and...;Greenwich Village;421 W 13th St
Valdino West (CLOSED);;Greenwich Village;
Vero Midtown;;Midtown East;
Veselka;;East Village;
Vespa;1625 Second Ave btwn 84th and 85th Sts;Upper East Side;1625 Second Ave btwn 84th and 85th Sts
Via dei Mille;;SoHo;
ViceVersa;;Midtown West;
Vico;;Upper East Side;
Villa Berulia;;Midtown East;
Villa Pazzo;;Greenwich Village;
Village;;Greenwich Village;
Village Mingala;;East Village;
Village Natural;;Greenwich Village;
Village Yokocho;;East Village;
Vince and Eddie's;;Upper West Side;
Vino 313;;Midtown East;
Virgil's Real BBQ;152 W 44th St btwn Broadway and Sixth...;Midtown West;145 W 44th St
Vong;200 E 54th St at 3rd Ave;Midtown East;200 E 54th St
Vynl;1491 Second Ave btwn 77th and 78th Sts;Upper East Side;1491 Second Ave btwn 77th and 78th Sts
Vynl;1491 Second Ave btwn 77th and 78th Sts;Upper West Side;1491 Second Ave btwn 77th and 78th Sts
Vynl;1491 Second Ave btwn 77th and 78th Sts;Chelsea;1491 Second Ave btwn 77th and 78th Sts
Vynl;1491 Second Ave btwn 77th and 78th Sts;Midtown West;1491 Second Ave btwn 77th and 78th Sts
Waldy's Wood Fired Pizza and Penne;80 6th Ave btwn 27th and 28th Sts;Chelsea;80 6th Ave btwn 27th and 28th Sts
Wallse;344 W 11th St at Washington St;Greenwich Village;344 W 11th St
Wasabi Lobby;1584 2nd Ave btwn 82nd and 83rd Sts;Upper East Side;1584 2nd Ave btwn 82nd and 83rd Sts
Waverly Inn;16 Bank St at Waverly Pl;Greenwich Village;16 Bank St
Wawa Canteen;;Greenwich Village;
Wd-50;;Lower East Side;
Wechsler's;;East Village;
West Bank Cafe;407 W 42nd St at Ninth Ave;Midtown West;407 W 42nd St
Westville;;Greenwich Village;
Westville East;173 Ave A at 11th St;East Village;173 Avenue A
Whym;;Midtown West;
Wild Ginger;;Greenwich Village;
Wilfie and Nell;228 W 4th St btwn W 10th and...;Greenwich Village;228 W 4th St btwn W 10th and...
Wogie's Bar and Grill;39 Greenwich Ave at Charles St;Greenwich Village;39 Greenwich Ave
Wollensky's Grill;201 E 49th St at Third Ave;Midtown East;201 E 49th St at Third Ave
Won Jo;;Midtown West;
Wondee Siam;792 Ninth Ave btwn 52nd and 53rd Sts;Midtown West;792 Ninth Ave btwn 52nd and 53rd Sts
Wondee Siam II;813 Ninth Ave btwn 53rd and 54th Sts;Midtown West;54th St
Woo Chon;8-10 W 36th St btwn Fifth and Sixth Aves;Midtown West;8 W 36th St #10
Woo Lae Oak;148 Mercer St btwn Prince and Houston St;SoHo;148 Mercer St
Wu Liang Ye;;Midtown West;
Wu Liang Ye;;Midtown East;
Wu Liang Ye;;Upper East Side;
Xunta;;East Village;
Yaffa Cafe;;East Village;
Yakitori Taisho;;East Village;
Yakitori Torys;;Midtown East;
Yakitori Totto;;Midtown West;
Yama;92 W Houston St btwn La Guardia Pl and...;Midtown East;Queens
Yama;92 W Houston St btwn La Guardia Pl and...;Greenwich Village;Queens
Yamato;;Park Slope;
Yerba Buena;23 Avenue A at E 2nd St;East Village;23 Avenue A
York Grill;;Upper East Side;
Yuca Bar;111 Ave A at 7th St;East Village;111 Avenue A
Yuva;230 E 58th St btwn Second and Third Aves;Midtown East;230 E 58th St
Zarela;953 Second Ave btwn 50th and 51st Sts;Midtown East;953 Second Ave btwn 50th and 51st Sts
Zen Burger (CLOSED);465 Lexington Ave btwn 45th and 46th Sts;Midtown East;465 Lexington Ave btwn 45th and 46th Sts
Zen Palate;;Midtown West;
Zerza;;East Village;
Zeytin;519 Columbus Ave at 85th St;Upper West Side;519 Columbus Ave
Zip Burger (CLOSED);300 1/2 E 52nd St at 2nd Ave;Midtown East;300 1/2 E 52nd St
Zipper Tavern;336 W 37th St btwn 8th and 9th St;Midtown West;336 W 37th St
Zoe;;SoHo;
Zoe Townhouse (CLOSED);;Upper East Side;
Zona Rosa;40 W 56th St btwn Fifth and Sixth Aves;Midtown West;40 W 56th St
Zona Rosa (CLOSED);;Midtown West;
Zucchero e Pomodori;;Upper East Side;
Zucco: Le French Diner;;Lower East Side;
Zuni;;Midtown West;
al di la vino;;Park Slope;
b-bap;830 9th Ave btwn 54th and 55th St;Midtown West;55th St
bar.vetro;222 E 58th St btwn Second and Third Aves;Midtown East;222 E 58th St
per se;10 Columbus Circle at 60th St;Midtown West;10 Columbus Cir
